file_name,text
crops/0000000b.png,え？
crops/000000a3.png,デコイは手で投げた方がいいな
crops/000000a8.png,こんなガスでごまかせるといいんだけど.......
crops/000000aa.png,"まずいな.......
ディフューズコーティングでインパクトが集中しないわ"
crops/000000ac.png,くっくっくっ
crops/000000b3.png,しめた
crops/000000b8.png,キャッ
crops/000000bd.png,えーん
crops/000000be.png,"もーォ
いやっ！！"
crops/000000bf.png,"別のウォーマシンが映るはず......
アタックモードにして.......と"
crops/000000c0.png,"やつのセンサーが狂ってんだ
楽勝楽勝っ"
crops/000000c1.png,よしこれでやつの目には
crops/000000c7.png,"誰かァ
たすけて"
crops/000000cb.png,ＰＡができてない.......？
crops/000000d2.png,ブン？
crops/000000dc.png,あの人.....
crops/000000de.png,わっ
crops/000000e0.png,あれ？
crops/000000e5.png,ダーリン
crops/000000e6.png,うん
crops/000000e8.png,もうなれたよ…月に一度の事だもんははは……
crops/000000eb.png,ほんとにごめんね
crops/000000ee.png,ごめんねダーリン
crops/000000f0.png,"あっ　そうだ
タンポン買わなきゃっ"
crops/000000f1.png,大丈夫?けが……しなかった?
crops/000000f5.png,もう買い置きないの？
crops/000000f6.png,私またやっちゃったのね……
crops/000000f7.png,うん
crops/000000fa.png,ははっやっと正気に戻った…
crops/000000fc.png,chu
crops/00000a05.png,え
crops/00000a0a.png,…………
crops/00000a16.png,母親としてなにもしてやれなくて心苦しく……
crops/00000a17.png,家庭教師って子供を教育するんでしょ？なんかそういうの荷が重そうで……
crops/00000a1a.png,郵便物の区分けとか…
crops/00000a21.png,あちゃー
crops/00000a23.png,ただでさえ食べるものに事欠いてるってのに
crops/00000a25.png,このままだと今月はいいとしても来月は完全に飢え死にするなあ
crops/00000a29.png,できれば前借さしてくれるところで
crops/00000a2c.png,ああ　それたいてい給料安い上にへんぺい足になるんだって
crops/00000a2d.png,え？アルバイト？
crops/00000a2f.png,廃品回収
crops/00000a34.png,なら
crops/00000a35.png,３万円じゃ下宿代しか出ないじゃないのっ
crops/00000a36.png,３万…ひっでーあたしなんか１１万ももらってるのに
crops/00000a38.png,ヘンに悩まないで家庭教師でもやればいいじゃないか
crops/00000a3b.png,あの今さミーティングの途中なんだけど……
crops/00000a3e.png,あー冷蔵庫が遠のく
crops/00000a40.png,しかしやばいなあ
crops/00000a42.png,できればらくーで高いバイト料くれるとこ
crops/00000a46.png,たいへんねえ北陸の貧しい農家に生まれると
crops/00000a47.png,ごめんなさいでもちょっとだけ
crops/00000a49.png,ギャラが少なそう
crops/00000a4b.png,じゃさウェイトレスなんかいいんじゃない？
crops/00000a4f.png,こんなことだったらあの炊飯器買うんじゃなかった
crops/00000a51.png,わざわざ呼びだしたりするからなにかと思えぱそんなことか
crops/00000a52.png,あそーいうコマゴマしたのダメ‼
crops/00000a55.png,はあそれも考えたんですけど
crops/00000a56.png,家の悪口いわないでくれる？もともとムリをいったあたしが悪かったんだ
crops/00000a57.png,ノーパン喫茶ででも働くんだな
crops/00000a58.png,心苦しいのはこっちだちゃ
crops/00000a5b.png,あーなんかいいバイトないかなー
crops/00000a64.png,やだーっそんなのっ
crops/00000a66.png,それに…
crops/00000a67.png,たださ…ねっ？
crops/00000a69.png,……………
crops/00000a6c.png,もう…‼
crops/00000a6e.png,下着つけないで超ミニはいて客にコーヒー持ってくやつ
crops/00000a70.png,大学生にもなってそんなこともわかんないの？
crops/00000a71.png,そんなムシのいいバイトなんてあるわけないだろ!?
crops/00000a73.png,ノーパン喫茶つて…
crops/00000a76.png,だいたいきみは依存心が強すぎる
crops/00000a77.png,…………
crops/00000a7c.png,き…きみだっていいとこいっぱいあると思うよそりゃ…
crops/00000a83.png,いっとくけどおれは　きみの保護者でも兄貴でもないんだからな
crops/00000a84.png,やっ…
crops/00000a8a.png,だっ　第一きみのためによくないよそーゆーふうにすぐ人に頼るのは
crops/00000a8b.png,ありゃ楽だし金になる
crops/00000a8c.png,だったらぜいたくいうなよ‼
crops/00000a91.png,わかるだろ？おれのいってること
crops/00000a9a.png,成島さんだって自分のめんどう見れてないじゃないですか‼
crops/00000aa1.png,？
crops/00000aa5.png,そりゃあたしはものすごーく世聞知らずで甘ったれかもしれないけど…
crops/00000aab.png,思います
crops/00000ab1.png,たしかにいわれてみれぱそのとーりだったかもしれないけど……
crops/00000ab2.png,もーいいです‼成島さんに頼ったあたしがバカだった‼もー自分でさがしますさよなら‼
crops/00000ab8.png,バイトのことじゃないもん
crops/00000abb.png,…………
crops/00000abe.png,でもさ…成島さんだってさ…
crops/00000ac4.png,失恋しても立ちなおったもんそれだけは自分でもえらいと思う‼
crops/00000ac5.png,いまだに気持ちの整理もつけられないってことをいってるんです‼
crops/00000ac9.png,歩ちゃん……
crops/00000acb.png,聞きずてならないセリフだな…今の
crops/00000acd.png,お
crops/00000ace.png,…………
crops/00000ad1.png,成島さんよりずーっとえらいと思いません？
crops/00000ad3.png,おれはちゃーんとバイトしてますけどね
crops/00000ad7.png,………
crops/00000adb.png,あれ？どうしたの？
crops/00000ae0.png,な…なんだよっだしぬけに
crops/00000ae1.png,成島さんもつきあってよあたしお肉いーっぱい買って来たんだから
crops/00000af1.png,炊飯器……？
crops/00000af2.png,成島さーんいるー？
crops/00000af3.png,麻美ちゃんつれて来たよ
crops/00000afa.png,せっかく麻美ちゃんがおごってくれるっていうんだから食ってけよ
crops/00000afe.png,なんだよどうしたの？
crops/00000b00.png,気持ちの整理がついてない……か
crops/00000b04.png,本当!?本当にスキヤキ食べさしてくれんの!?
crops/00000b07.png,…
crops/00000b09.png,あのさあ歩がね炊飯器買ったのよーめでたいでしょ？だからねささやかながらお祝いしたげようと思って…
crops/00000b0a.png,あれ？成島さんの部屋でやんの？
crops/00000b0c.png,………
crops/00000b13.png,あーやっぱしこっちの部屋のがベッドない分だけ広くていいわ
crops/00000b14.png,…………
crops/00000b17.png,成島さんこの部屋使っていいでしょ？
crops/00000b18.png,麻美さんひとりがやけに楽しそう
crops/00000b1b.png,なんかヘンなムード
crops/00000b1c.png,そういえば……
crops/00000b1d.png,"い…いえ　まだ授業の時間帯と重なっちゃうのが多くて…
でもちゃんと自分で見つけますから"
crops/00000b20.png,おお？なんかうそっぽいなー
crops/00000b23.png,やだなによ今のいい方
crops/00000b28.png,やっぱりねまだか
crops/00000b29.png,スキヤキが目の前になければ帰ってしまいたい
crops/00000b2c.png,バイト見つかりましたか？
crops/00000b2d.png,"あ
あたし‼"
crops/00000b2e.png,やっばり？
crops/00000b33.png,ふーん
crops/00000b36.png,ふっふっふ
crops/00000b39.png,成島さんて思ったよりずっといやみな人なのね
crops/00000b3b.png,平井くん飲んでないじゃないの
crops/00000b3d.png,あたしが平井くんにもちかけたのよ‼
crops/00000b3e.png,"今朝の手紙の時もヘンだったな
いったい　どうなってんの？"
crops/00000b41.png,そう麻美ちゃんが費用もってくれるっていうからおれもその気になっちゃって…
crops/00000b4b.png,むっ
crops/00000b4c.png,はい？
crops/00000b4d.png,ぜんぜん心がこもってない‼
crops/00000b4f.png,麻美さんが？
crops/00000b54.png,歩ちゃん
crops/00000b55.png,よかったねー歩‼友達としてはこういう時くらいおごってあげなくちゃね‼
crops/00000b56.png,なんかやーな予感がしてきた
crops/00000b59.png,今のセリフもあの不気味な笑顔も…
crops/00000b5a.png,どーなってんの？これ誰がいいだしっぺなわけ？
crops/00000b5f.png,おっと電話だ
crops/00000b68.png,おねがい……‼
crops/00000b70.png,平井くんまだのみたりないわよ！
crops/00000b76.png,今…アパートのそばにいるんだけど
crops/00000b79.png,ここまで出て来て……
crops/00000b7b.png,誰……？
crops/00000b7e.png,すぐ行くから
crops/00000b7f.png,なんだか本当に
crops/00000b80.png,もしもし
crops/00000b81.png,あたしです………真崎…
crops/00000b82.png,やな予感がしてきたよ……‼
crops/00000b86.png,もしもし……
crops/00000b8a.png,もしかして…
crops/00000b90.png,わかった
crops/00000b91.png,…………
crops/00000b94.png,え？
crops/00000b96.png,…………
crops/00000b99.png,なにいってんのよビール３本ぐらいで
crops/00000b9e.png,あたしちょっと見てくる
crops/00000ba7.png,あら‼ご協力ありがとう
crops/00000bac.png,わからなかったの……なんていえばいいか
crops/00000bb0.png,あなんでもないなんでもない行ってらっしゃい
crops/00000bb7.png,？
crops/00000bbe.png,気持ち悪いよ～成島～帰って来てくれよ～
crops/00000bc1.png,どうしたんだろ成島さん出てってもう20分もたつのに
crops/00000bc8.png,もういいから……
crops/00000bd1.png,信じることにする……
crops/00000bd8.png,きみが選んだ人なんだから……
crops/00000bd9.png,わかった…
crops/00000bdd.png,おれも
crops/00000be4.png,ひとりでなに考えてるの？
crops/00000be6.png,結婚しても
crops/00000be7.png,いやなやつだと思われてもいいから
crops/00000be8.png,早く忘れてほしかった
crops/00000beb.png,成島さん…
crops/00000bfe.png,勝手だと思われてもいいから
crops/00000c01.png,あたしのことなんか早く……
crops/00000c02.png,結婚……
crops/00000c09.png,……………………
crops/00000c0f.png,元気で……
crops/00000c12.png,見てたのか
crops/00000c16.png,"う
うん"
crops/00000c19.png,あ～っ
crops/00000c1b.png,ごめんなさい
crops/00000c1e.png,あたしったら昼あんな……
crops/00000c21.png,いいよ
crops/00000c26.png,もーーいやだっ‼こんな生活っ‼
crops/00000c28.png,あの…
crops/00000c2a.png,あんなひどいこといっちゃって……
crops/00000c30.png,あ…歩ちゃん!?
crops/00000c3d.png,きゅ…急に大声出さないでください…
crops/00000c3e.png,本当のことなんだから
crops/00000c46.png,な…なんで急にこんな
crops/00000c47.png,たすけてくれ～
crops/00000c48.png,なにさっ‼いつも歩ちゃん歩ちゃんて人をバカにして～
crops/00000c4b.png,おれもいいすぎた
crops/00000c4f.png,あれ？
crops/00000c54.png,平井あけろよ!!おれの部屋だぞ
crops/00000c55.png,もどろうか平井たちが心配してるから
crops/00000c56.png,親が見合いしろ見合いしろってうるさいのよっ‼意地でも見合い結婚なんかするもんですかっ‼
crops/00000c5d.png,見合い？
crops/00000c5e.png,…………
crops/00000c61.png,み
crops/00000c62.png,バッ…バカになんかしてねえのに…
crops/00000c63.png,おい平井！
crops/00000c64.png,な…成島～
crops/00000c69.png,ごめん
crops/00000c72.png,どうしたんですか？
crops/00000c73.png,えっ
crops/00000c75.png,平井くん今日こそ逃がさないわよ～元手かかってんだから
crops/00000c76.png,カキが…かかってる
crops/00000c7f.png,あ～あ～あー
crops/00000c83.png,……
crops/00000c84.png,あ…
crops/00000c87.png,そう…はじめてだったの
crops/00000c88.png,…………
crops/00000c8a.png,あ
crops/00000c92.png,あたしは絶対恋愛結婚したいのっ
crops/00000c94.png,ボクはじめてだったのに～っ‼
crops/00000c9f.png,なっなんだっ？
crops/00000ca2.png,あ
crops/00000ca3.png,あーいあーいあーあーあ～あ～あ～
crops/00000ca6.png,まこれも運命だと思って
crops/00000ca8.png,あ～
crops/00000cab.png,うんちょっとぶらっとねー
crops/00000cb6.png,どっか行くんですかー？
crops/00000cb7.png,はいっちゃった…
crops/00000cb8.png,な成島さん～ムニャムニャ
crops/00000cb9.png,うーん……
crops/00000cbe.png,こんな朝早くに
crops/00000cc4.png,なんかピクニックに行くみたい
crops/00000cc8.png,あっ
crops/00000cca.png,なに？こんな朝早く……
crops/00000cd1.png,成島さん…？
crops/00000cd5.png,歩ちゃん
crops/00000cd7.png,あれっ
crops/00000cd9.png,ぶらっと？
crops/00000cdd.png,ン？なんかけさの成島さんはひと味ちがうなあ……別人みたいだ
crops/00000cde.png,？
crops/00000ce4.png,うーん
crops/00000cee.png,だとしたらすごい精神力だ
crops/00000cf0.png,"あ
まだ手をふってる"
crops/00000cf1.png,なんかへんなの
crops/00000cf6.png,←もう１度寝なおしている
crops/00000cf8.png,…ん？
crops/00000cfa.png,………
crops/00000cfb.png,一晩で失恋の痛手からたちなおったのだろーか？
crops/00000d07.png,ああ……
crops/00000d0a.png,なに…？
crops/00000d0d.png,えっ？
crops/00000d11.png,歩たいへんよっ
crops/00000d12.png,あの帽子ー!?
crops/00000d16.png,この色どっかで見たような…
crops/00000d18.png,あれ？
crops/00000d25.png,さっき成島さんが投げたのはこれだつたのか……
crops/00000d26.png,い…今平井くんに聞いたんだけど
crops/00000d2a.png,この毛糸の玉
crops/00000d2f.png,成島さんが……
crops/00000d30.png,成島さんがアパートからいなくなった!?
crops/00000d31.png,なんで毛糸の玉なんか……
crops/00000d36.png,…………
crops/00000d38.png,オレ　もうダプルショックで立ちなおれない～‼
crops/00000d3c.png,成島さんがいなくなったってどーゆーことですか!?
crops/00000d42.png,あたしがいるじゃないの
crops/00000d4e.png,えーッこれだけ？
crops/00000d4f.png,平井さーん
crops/00000d5d.png,"平井へ
「早い話が　おれは旅に出る‼授業の代返と新聞会の手伝いようしくたのむ‼いつ帰るか　全然わからない
以上‼"
crops/00000d5e.png,だっていつ帰るかわかんないって書いてあるもん～
crops/00000d61.png,ひどいよ～そんな紙切れ1枚でおれと別れるなんて～まるで離婚届けじゃないか
crops/00000d62.png,や‼さわんないでっ
crops/00000d63.png,あんたたちどーゆー関係だったの？
crops/00000d67.png,………
crops/00000d68.png,バカねえただの旅行でしょ？なにもこれが今生の別れってわけじゃあるまいし
crops/00000d6b.png,え？
crops/00000d6d.png,その真崎さんて人…
crops/00000d71.png,"あたしも会ってみたかったなあ
きっとすごくすてきな人なんでしょうね"
crops/00000d72.png,そんなに長い問そんなに強く
crops/00000d77.png,男の人に想ってもらえるなんてさ
crops/00000d79.png,うん…
crops/00000d7d.png,なんか…
crops/00000d7f.png,…………
crops/00000d84.png,うらやましいわ
crops/00000d86.png,じゃあさっき来たのは…
crops/00000d8b.png,そんなそんな急に
crops/00000d90.png,成島～帰って来てくれよ～
crops/00000d94.png,あらやっぱそう思ってくれる？
crops/00000d9b.png,まったく自分ひとりいい思いして…
crops/00000d9e.png,平井く～ん
crops/00000db0.png,なっなんだよおれはこれから新聞会に手伝いに…
crops/00000db1.png,麻美さんみたいのを相手にできるのは平井さんだけじゃない？
crops/00000db2.png,あそういってる矢先に
crops/00000db3.png,なんで　あたしにはいい寄ってくる男が　いまいちいないんだろ
crops/00000dbb.png,あらそーおじゃ　あたしもついてったげる
crops/00000dbc.png,"いいよ一人で行くから
あらケチくっついてくもん‼"
crops/00000dbf.png,気のせいか…
crops/00000dc1.png,初めてねっ意見が合ったの
crops/00000dc5.png,こんなに美人なのに
crops/00000dc7.png,ん？
crops/00000dc9.png,あ
crops/00000dcf.png,あたしとはただ近所に住んでるってだけのつきあいだったんだから
crops/00000dd5.png,あたしなに考えてんだろう
crops/00000ddb.png,だったらあたしはどうすれぱいいの!?
crops/00000ddc.png,でも……
crops/00000dde.png,あたしどうしたんだろう
crops/00000de2.png,なんで　あたしにはなにもいってくれなかったの？
crops/00000de4.png,でもー
crops/00000de6.png,そりゃ成島さんはあたしの兄貴でも親でも恋人でもなかったんだから
crops/00000de8.png,なんでー
crops/00000dea.png,なにもいってくれないんじゃわかんないよ‼
crops/00000deb.png,なんか……気イ抜けてる
crops/00000ded.png,こんな中途はんぱな気持ちのままじゃあたしー
crops/00000df7.png,ただいま～
crops/00000e07.png,はいおじいさん朝のお茶
crops/00000e0b.png,誰から……？
crops/00000e14.png,はいおじいさん午後のお茶
crops/00000e20.png,ああ……
crops/00000e23.png,は…
crops/00000e27.png,ちゃんと食事とってるのかしら？
crops/00000e28.png,なんかここんとこ急にやつれたみたいだなあ重夫のやつ
crops/00000e29.png,………
crops/00000e2d.png,こうして数日がこともなく過ぎていったのでした……
crops/00000e2f.png,ああ……
crops/00000e31.png,成島さん？
crops/00000e32.png,行ってきま～す
crops/00000e33.png,あ　重夫やおまえに小包が来とるよ
crops/00000e36.png,もしや機関車よりも速くとんでたりして…
crops/00000e38.png,でも　これがきみのもとに届くころにはきっと僕は北陸にいるでしょう
crops/00000e3b.png,むむむ失恋して卑屈になってる
crops/00000e3c.png,歩ちゃん突然いなくなってびっくりでしょうごめんね
crops/00000e3e.png,きみはブッシュマンなみの生活をしてるようだから…
crops/00000e3f.png,きみは僕のことをめめしい男だと思ってるかもしれません怒ってるだろうそうだそうに決まっている
crops/00000e43.png,でも　あんまり暑いのでＵターンしてこの小包は山陰から出します
crops/00000e44.png,あっナルちゃんマンだ‼
crops/00000e46.png,いったいなんだっこれは
crops/00000e4a.png,ん？
crops/00000e4b.png,う～むなんというスピード‼まるで水戸黄門
crops/00000e4e.png,ホントうまい字だなあ…
crops/00000e4f.png,あそれから本棚の上にファイルがありますが……
crops/00000e51.png,九州‼
crops/00000e53.png,なんだこりゃ
crops/00000e55.png,九州ラーメンうまかっちゃん？
crops/00000e57.png,手紙もはいってる
crops/00000e59.png,僕の部屋にあるトースターだとか鍋だとか勝手に使ってください　（冷蔵庫はないのだゴメン‼）
crops/00000e5d.png,僕は今九州にいます
crops/00000e61.png,なんだなんだっ!?
crops/00000e63.png,それから封筒の中のカギは僕の部屋のカギです
crops/00000e6b.png,できればこのまま諸国を行脚したいけどね
crops/00000e6d.png,ああ……
crops/00000e70.png,うわぁい
crops/00000e72.png,それからきみにお礼をいわなくちゃ
crops/00000e74.png,僕も持ち金なくなったらどこかに腰をおちつけてバイトでもします
crops/00000e76.png,PSまたうまそうな物があったら送ります
crops/00000e78.png,適当なのがあったらしっかり勤めてしっかりかせげよ‼
crops/00000e81.png,はい　おじいさん夕方のお茶
crops/00000e84.png,きみがバイト探しをしてるといってた日に帰ってから少し調べときました
crops/00000e86.png,なんだかこんなすっきりした気分は久しぶりです
crops/00000e8a.png,５月１０日博多にて成島一行
crops/00000e8b.png,では夏の終わりにまた会える時までお元気で…
crops/00000e8f.png,いろいろ心配かけたけど僕は大丈夫
crops/00000e94.png,そうでしょ？
crops/00000e95.png,また恋をすればいいんだから
crops/00000e96.png,急に太ったみたいですね
crops/00000e9f.png,大丈夫‼大丈夫よね成島さん
crops/00000ea7.png,そうよ
crops/00000eac.png,また出てくの？
crops/00000ead.png,どうしたんだ重夫のやつさっきまでやつれていたのに
crops/00000eb1.png,失恋したって大丈夫‼
crops/00000eb3.png,誰かほかの人を好きになればいいんだから
crops/00000eb6.png,あたしがあの人のぶんまでー
crops/00000ebd.png,今度帰って来た時は
crops/00000ec4.png,待っててあげる
crops/00000ec5.png,今度はあたしが
crops/00000ec6.png,愛してあげるからね‼
crops/00000ec8.png,ホントだよ保証する‼
crops/00000eca.png,待っててあげる
crops/00000ecb.png,あたしは絶対成島さんにさびしい思いなんてさせないから
crops/00000ecc.png,そして
crops/00000ecf.png,だから
crops/00000ed4.png,もしよければね下宿代……ロハにしても…
crops/00000ed6.png,大家さんがあんたに話あるんだってさ
crops/00000edb.png,え？
crops/00000edd.png,わしの学生時代もそうだったからわかるよ……うん
crops/00000ee1.png,ちょいとフロ当番のおたく‼
crops/00000ee3.png,それでなばあさんと話したんだが……
crops/00000ee6.png,パイトするといってもねえなかなか…
crops/00000eed.png,大学の勉強もいそがしそうだし……
crops/00000ef2.png,………？
crops/00000ef9.png,はあ
crops/00000efd.png,おじさん‼
crops/00000eff.png,今　仕送り３万でやってるんだって？
crops/00000f03.png,きのう麻美ちゃんから聞いたんだが…
crops/00000f07.png,えー・・っと
crops/00000f08.png,いーかげん人の名前覚えてよ…もう２か月近く一緒に住んでんのに
crops/00000f0a.png,なっ…なんだっ!?
crops/00000f0d.png,はいおじいさんお茶
crops/00000f12.png,どこ？どこで？
crops/00000f17.png,どうしたの？
crops/00000f1d.png,返事来ないのが
crops/00000f1e.png,"いまいち知的に見えないし
いまいちあいそがよくないし
いまいち美人とはいえないし"
crops/00000f22.png,せっかく成島さんが調べといてくれたのにな……
crops/00000f29.png,やっだーっ‼そんなこと心配してたの？
crops/00000f2a.png,まっ…まだ全部断られたわけじゃないもんねっ
crops/00000f2b.png,考えてるったって…
crops/00000f2c.png,はい　藤田は私ですけど…
crops/00000f2d.png,やったーっ‼
crops/00000f2e.png,あーあでもあれも断られたら
crops/00000f2f.png,まだ残ってるもんねひとつだけ…
crops/00000f34.png,一からさがし直しだ
crops/00000f36.png,もしもし早乙女ですが…
crops/00000f39.png,だいじょーぶだいじょーぶよ‼お金のことならちゃーんと考えてますから‼
crops/00000f3e.png,アルバイト
crops/00000f41.png,ホント？ホントに？
crops/00000f42.png,申し込んだアルバイトずいぶん断られてるみたいじゃないかやっぱムリなんだよおまえは女子大生としての魅力に　いまいち欠けるから
crops/00000f46.png,ああ……
crops/00000f47.png,すごいや‼ギャラもいいとこ‼
crops/00000f4f.png,来てくれって……
crops/00000f52.png,は？
crops/00000f54.png,ささいなことで幸せになれる人間ってキライだ
crops/00000f59.png,バイト生に急に穴ができたんだってータイミングがよかった‼ヤッホー
crops/00000f5a.png,…………
crops/00000f65.png,バイト生にやってほしいのはまず　宿題の徹底チェック‼授業中の態度の徹底チェック‼所持品の徹底チェック‼試験中　不審な者の徹底チェック‼
crops/00000f67.png,かわいいっ
crops/00000f69.png,なお授業に関係ない本　その他はその場で没収する‼まんが本等はその場で破るべし‼
crops/00000f6a.png,はあ…
crops/00000f6c.png,えーっ？まんがを？
crops/00000f6e.png,おまえにぴったし
crops/00000f70.png,……というようにわが塾は有名中学進学率県下1を目ざして児童教育に取り組んでいます
crops/00000f71.png,七角町のあすなろこども塾‼
crops/00000f7c.png,ですからあなたもバイト生だからといって子どもに甘い顔など見せんように
crops/00000f7d.png,翌日の夕方……
crops/00000f7f.png,ひ…ひたすら徹底チェツク
crops/00000f80.png,は…はい‼
crops/00000f86.png,これがわが塾のホーシンなのです
crops/00000f8e.png,"ノ
ノートです…"
crops/00000f92.png,こっ…これは？
crops/00000f96.png,………
crops/00000f9c.png,………
crops/00000fa0.png,ごめん‼
crops/00000fa8.png,あーっ
crops/00000faf.png,そ…それでは
crops/00000fb5.png,………
crops/00000fb7.png,………
crops/00000fc4.png,でっ…ではこれから所持品のぬきうち検査を行います‼
crops/00000fc7.png,えーと次‼
crops/00000fca.png,ごめん‼ごめんね～あたしだってねなにもやりたくてやってんじゃ…
crops/00000fcc.png,うちに置いてくるの忘れちゃったんですぅ～
crops/00000fd0.png,えーと
crops/00000fdb.png,みんな荷物を机の上に出して‼
crops/00000feb.png,ん？
crops/00000ff7.png,これおもしろいんだよねエ……最近金なくて買ってないけど
crops/00000ff8.png,うーん……
crops/00000ffb.png,ううーなにごとも金のため
crops/00000ffe.png,こいつきびしく取り調べてやる‼
crops/0000a004.png,飛ばすからしっかりつかまっとけよー
crops/0000a007.png,もっ
crops/0000a008.png,へ？
crops/0000a00c.png,こっちのが楽で早いゼ行くぞ姫！
crops/0000a010.png,もーいーですあんなエロ天使!!
crops/0000a01b.png,あっ！じゃあ私ためしてみます！
crops/0000a01d.png,むっ
crops/0000a01e.png,ここにちょーど人ひとり入れそーな小さな穴があるんだけどー…
crops/0000a01f.png,え
crops/0000a020.png,!!
crops/0000a021.png,！
crops/0000a027.png,まっ…待てー!!リラちゃんどこ連れてく気じゃー!!
crops/0000a028.png,！
crops/0000a029.png,方法って？
crops/0000a02e.png,ニッ
crops/0000a030.png,ん？
crops/0000a032.png,よいしょっ…と
crops/0000a033.png,ぎゃあぁぁ
crops/0000a036.png,家の人にバレたらー…
crops/0000a038.png,へっへっへっ姫のシリは安産型じゃなぁーぐへへ[ハート]
crops/0000a039.png,ふっふっふ
crops/0000a03c.png,じ…じゃあ何か考えでも？
crops/0000a03f.png,しっ…新太郎くんいつの間に…??
crops/0000a046.png,はぁ
crops/0000a04c.png,何すんだコノヤロォ!!
crops/0000a04e.png,いってーな！
crops/0000a052.png,はぁ
crops/0000a058.png,ありがとうございます
crops/0000a05b.png,はっ
crops/0000a05d.png,へー[ハート]そうか～～
crops/0000a05e.png,まぁ
crops/0000a060.png,なんとかギリギリ入れそうですけど…
crops/0000a064.png,あの後ダッシュで近道してきたんだ間に合って良かった
crops/0000a069.png,でもアキラくん中に入れたとしても
crops/0000a06a.png,！
crops/0000a06c.png,心配しないでリラちゃん僕が一緒に作戦考えてあげるから
crops/0000a06d.png,うーん
crops/0000a06f.png,オレ様のカなめてもらっちゃ困るなぁ
crops/0000a075.png,あほぅ！おまえがついてっても足手まといになるだけじゃ
crops/0000a076.png,これ　お守りだ持ってけ！
crops/0000a079.png,何かあったら必ず姫のもとにすっとんでいくから
crops/0000a07a.png,ひゃっ
crops/0000a084.png,んー…
crops/0000a085.png,わかりました
crops/0000a087.png,このお屋敷人の気配すらしないんですが
crops/0000a088.png,!!
crops/0000a08a.png,いったいみなさんどちらにいるんでしょう？
crops/0000a08c.png,はっまさか家政婦のかっこうで　私一人このお屋敷に潜入するんですか？
crops/0000a08d.png,で…でも
crops/0000a08e.png,いったいどこから…
crops/0000a094.png,ぞくっ
crops/0000a099.png,―とは言ったものの
crops/0000a09a.png,ピンポンだってオレが行ったら　すぐバレて逃げられるだろーが魔物が
crops/0000a09b.png,アキラくん…
crops/0000a09c.png,トクン…
crops/0000a09e.png,感じます強い妖気が
crops/0000a0a1.png,約束する！
crops/0000a0a2.png,え!?
crops/0000a0a5.png,ぅぅああぁ
crops/0000a0a8.png,しまった仲間が!!
crops/0000a0b0.png,どうして…
crops/0000a0b7.png,はっ
crops/0000a0b9.png,う
crops/0000a0bb.png,まさか!!
crops/0000a0bc.png,くっ…苦しくて体が―…
crops/0000a0be.png,そんな！
crops/0000a0c3.png,はっもしかしてアキラくんがくれたお守りのおかげ!?
crops/0000a0c4.png,だっ…ダメです
crops/0000a0c5.png,私たちのダンナ様に何をしよーとしてるのかしら
crops/0000a0c6.png,くらっ
crops/0000a0c7.png,まちがいないです！この人に魔物がとりついてます今のうちに封印を―
crops/0000a0c9.png,うっ
crops/0000a0cb.png,くっくっくっわざわざ私のいけにえにされにくるとはバカな小娘だ！もうここからは逃げられないぞ
crops/0000a0d4.png,くっ…ロザリオに結界をはって身を守るとは貴様　ただの人間じゃないな
crops/0000a0d7.png,誰だ!!そこにいるのは!?
crops/0000a0dc.png,そーとわかれば話は早いです
crops/0000a0dd.png,そーです私はゴーストハンターあなたを封印しに来ました！
crops/0000a0de.png,…っ！
crops/0000a0e0.png,くっ…苦し…
crops/0000a0e2.png,きゃ
crops/0000a0e5.png,え？
crops/0000a0e7.png,「約束する」
crops/0000a0ea.png,くっくっくっ
crops/0000a0ec.png,うそ!?
crops/0000a0f0.png,「何かあったら必ず姫のもとにすっとんでいく」
crops/0000a0f2.png,こんな子供だまし私にはきかんわ!!
crops/0000a0f8.png,死ね！
crops/0000a0ff.png,アキラくん
crops/0000a100.png,封印だと？ククク…おまえごときに何ができる!?
crops/0000a101.png,たすけて！アキラくん―
crops/0000a102.png,たっ…たすけて
crops/0000a108.png,ふっふっふ
crops/0000a109.png,あっ…アキラくんどうやってここへ…!?
crops/0000a10d.png,ええ!?
crops/0000a110.png,くそっ…
crops/0000a111.png,どきっ
crops/0000a113.png,あっはい
crops/0000a114.png,このボケがッ!!
crops/0000a115.png,はわわわー
crops/0000a116.png,あっ待て！
crops/0000a117.png,姫！　逃がすな今のうちに封印を
crops/0000a11c.png,姫の体にふれていいのはオレ様だけだー!!
crops/0000a11d.png,そのロザリオがこわれたと同時にここへ瞬間移動するしかけをしたのサ
crops/0000a126.png,アキラくん!?
crops/0000a12d.png,オレ様の姫に何しやがる!!
crops/0000a132.png,えっ…
crops/0000a133.png,なでなで
crops/0000a135.png,ぶはっ
crops/0000a139.png,アキラくん来なかったらどーしよーかとおもっ…おもっ…
crops/0000a13a.png,くすっ
crops/0000a13b.png,こわい思いさせて…
crops/0000a13f.png,キェェェェ
crops/0000a145.png,ごめん　姫
crops/0000a146.png,バカ☆
crops/0000a148.png,封印！
crops/0000a149.png,!!
crops/0000a14a.png,ばかぁ
crops/0000a14b.png,なぐってしまった…
crops/0000a14e.png,やったな姫！お手柄
crops/0000a14f.png,へっ…へへへへ[ハート]
crops/0000a157.png,どこさわってんですかーッ!!ばかーッ!!
crops/0000a158.png,なっ…ど…
crops/0000a15c.png,はっ
crops/0000a163.png,ほんとに
crops/0000a16a.png,ドキッ
crops/0000a16b.png,こっ…こわかったのに…
crops/0000a16d.png,そしてアキラくんは―…
crops/0000a16e.png,特にあの日のぬくもりを―…
crops/0000a170.png,じゃーな☆
crops/0000a172.png,ぶ
crops/0000a176.png,こうして魔物が封印されたと同時にお屋敷の人たちも元に戻り
crops/0000a177.png,なっなんだってー!!
crops/0000a179.png,自分勝手な方でしたが…
crops/0000a17a.png,じゃ！そーゆー訳でイロイロ世話になったな
crops/0000a180.png,ちょっとカッコよかったかな…なんて
crops/0000a186.png,もーいーですからとっとと行ってください
crops/0000a187.png,とゆー訳でこれからもこのスケベ堕天使アキラくんとの共同生活は続くのでした
crops/0000a189.png,じつは魔物があと3匹見つからねーんだよろしくな！
crops/0000a18a.png,すちゃ
crops/0000a18c.png,スケベで単純で
crops/0000a18d.png,いっいーから早くその手を　どけてください～
crops/0000a18e.png,は？
crops/0000a191.png,すっ…すまんがもうしばらくここにおいてくれ
crops/0000a195.png,何事もなく無事　今回の事件は解決したのでした
crops/0000a196.png,わぁぁぁ
crops/0000a198.png,オレ様が天界に帰っても忘れんなよ
crops/0000a19d.png,くすっ
crops/0000a19f.png,ん？
crops/0000d53f.png,そして…そこには…
crops/0000d540.png,だ…誰か…人殺しだよぉおうーーーーーーー‼
crops/0000d541.png,殺されたのは弥吉という名の遊び人で
crops/0000d546.png,第七席　母恋唄
crops/0000d54a.png,"師走の　ある夜
一つの殺人事件が
起きた…"
crops/0000d54c.png,ひ…人殺しィィ…
crops/0000d550.png,"目撃したのは
弥吉が出入りしていた
町医者　の妻
と弟子の総平"
crops/0000d553.png,守銭奴ねェ
crops/0000d559.png,第七席
crops/0000d55d.png,"ハイ　名前を
お光といいます
同じ長屋の住人だ
そうで…"
crops/0000d560.png,"実は　この殺された
弥吉ってのが　アダ名を
守銭奴の弥吉と
呼ばれてまして
ゆすり　たかりは
もちろん　銭のためなら
なんでもする
結構な悪だったそうです"
crops/0000d565.png,母恋唄
crops/0000d567.png,"よくよく
金に困っての
凶行ってやつだ
よくある話よ"
crops/0000d56a.png,"で…下手人の
女ってのは？"
crops/0000d56b.png,"前は家族と
暮らしていたんですが
今は一人身で夜鷹で
食べてたみたいです
どうも　どこぞに
借金があって　金には
不自由をしてた
と言うんですが…"
crops/0000d56e.png,"死んだ弥吉の
傍に佇む　一人の女の
姿があった……"
crops/0000d571.png,"なるほど…
ホトケのそばには
空のサイフ…
下手人の手には
血のついた銭か…"
crops/0000d573.png,"お…おい
なんだよ‼
割り込むなって
イテテテテ
この野郎
ひっかきやがって
ちくしょう"
crops/0000d581.png,"遊んで
おいきよ…"
crops/0000d583.png,"桜の木の下でかい
そいつもオツだねェ"
crops/0000d589.png,"下手人ってのは
……？"
crops/0000d58a.png,"ご…
ごめんなさい
ごめんなさい"
crops/0000d58d.png,"ど…どうしたい
お姉ちゃん‼
おい‼"
crops/0000d595.png,"のけー
ハゲー"
crops/0000d596.png,"ン…どうした
鉄扇！
顔色が悪いぞ…"
crops/0000d599.png,"おーい
見えねーぞ"
crops/0000d59a.png,"残念ながら
今回ばかりは
お前の出る幕は
なさそうだぜ"
crops/0000d59b.png,"お光さんが
…殺しを…"
crops/0000d59d.png,"おう…
どうした鉄の字
そんなにあわてて"
crops/0000d59e.png,"単純な殺しだ
目撃者もいる"
crops/0000d5a8.png,"な…なんでェ
乱暴なやろー
だなー"
crops/0000d5ab.png,"ああ…お光って
夜鷹だ…
今は奉行所の
仮牢に入れてある"
crops/0000d5b6.png,"随分と無理を
しているみたいですな
過労から肺炎を
起こしている…"
crops/0000d5b8.png,"わかったから
利息分くらい
あたしがなんとか
する！！
だから今は
体を休めて！！"
crops/0000d5bc.png,"お光ちゃん
ああ…あの人は本当によくやってるよ
前は 親子三人で
仲むつまじく暮らして
たんだけどね
旦那が病気ンなって
死んじゃってサ"
crops/0000d5c2.png,"それでも
利息を払うので
精一杯みたい
だったよ…"
crops/0000d5c3.png,"だ…だめだよ
お光さん そんな体で
どこへ！？"
crops/0000d5c4.png,"その時 医者に
かかった費用も
バカンなんないくらい
あって とうとう
一人娘のお幸ちゃんを
借金のカタに
取られちゃったんだよ"
crops/0000d5c6.png,お光さん！！
crops/0000d5ca.png,お光さん！！
crops/0000d5cc.png,"は…放して下さい
お願いですから！！"
crops/0000d5cd.png,"このまま放っておけば
命は なかったでしょう"
crops/0000d5ce.png,"あたし達に
ホンのちょっとでも
余裕があればねェ"
crops/0000d5d5.png,"私が働かないと
あの子が…
お幸が...！！"
crops/0000d5d9.png,"もう それからは
お幸ちゃんを
取り戻すために
なりふりかまわずサ"
crops/0000d5dc.png,かわいそうに…
crops/0000d5e0.png,"こ…この
お金があれば
このお金さえ..."
crops/0000d5e4.png,お光さん！！
crops/0000d5e7.png,"じゃあ
お光さんは
罪を認めたの？"
crops/0000d5e8.png,北町奉行所内 仮牢
crops/0000d5ea.png,それが...
crops/0000d5ec.png,お幸…を…
crops/0000d5ef.png,わかってるよ
crops/0000d5f0.png,お願い...
crops/0000d5f2.png,お…お幸を...
crops/0000d5fa.png,"だからと言って
許されるもんじゃ
ねェ！！
"
crops/0000d5fc.png,"たしかに
今の話を聞けば
同情の余地はある
だがな鉄扇
罪は罪だ！！"
crops/0000d5fd.png,"こうなっては
もはや
手のほどこしようが
ありませんな…
残念ですが"
crops/0000d609.png,"お光さん
しっかりしてくれ！！"
crops/0000d60b.png,"お縄にかかった時から
すでに危険な状態
でしてな...
どうやら 少しずつ
少量の毒を
呑まされていた
ようで…"
crops/0000d60c.png,"そうか....
そんな事が..."
crops/0000d60d.png,"下手人の女が
危篤に陥ったって
たった今
奉行所の方から！！"
crops/0000d60e.png,な...
crops/0000d618.png,な…なんだって！！
crops/0000d61d.png,"お…お幸
お幸..."
crops/0000d622.png,"大変です
旦那！！"
crops/0000d626.png,"たしか佐川亥朴って
人の奥さんと
お弟子さんで…"
crops/0000d62b.png,"人の往来で 埋もれていた
ものが出て来たのか..."
crops/0000d62c.png,"あ…
お師匠さん"
crops/0000d62d.png,"どうでした
お光さんの容体は"
crops/0000d632.png,お師匠さん？
crops/0000d634.png,"弥吉が死んだのは
自分の部屋のはず…
目撃者も
そう証言している..."
crops/0000d635.png,......！？
crops/0000d63d.png,"そんな
バカな真似を
する訳がねェ
これには何か
訳があるに
違いないんだ…
何か訳が…..."
crops/0000d63f.png,これは…血…？
crops/0000d642.png,"すずめさん
たしか目撃者ってのは
町医者だって
言ってたねェ…
名前は
わかるかい！？　"
crops/0000d643.png,"え...
あ...はい"
crops/0000d645.png,"しかも ここは
殺しがあった現場の近く...
なんで血が外に…！？"
crops/0000d647.png,"さ...
佐川だって
.........！！"
crops/0000d648.png,"あれほど
娘の行く未を
案じてた人が
人殺しなんて..."
crops/0000d654.png,"そ...それがな...
その…"
crops/0000d655.png,"そんな薄物一枚で
寒かないかい"
crops/0000d659.png,"あ…あら
まァ"
crops/0000d65a.png,"はい…いつも
すみません"
crops/0000d65f.png,私…心配で…
crops/0000d664.png,"あの…
鉄扇さん…
おっ母さんは
どうしてますか…
体を悪くして
薬を飲んでるって
聞いたんですけど…"
crops/0000d665.png,師匠...
crops/0000d667.png,"ううん
動いてれば
暖かくなるから
平気です…"
crops/0000d66a.png,".........
はい..."
crops/0000d66c.png,"誰だい
そこにいるのは！？"
crops/0000d672.png,"かわいそうに
手が あかぎれで
血が滲んでる"
crops/0000d675.png,手伝うよ
crops/0000d678.png,"久しぶりだね
お幸ちゃん"
crops/0000d67a.png,"これ…
風呂場で
いいのかい"
crops/0000d67d.png,そうかい
crops/0000d683.png,.........
crops/0000d686.png,あ...
crops/0000d68a.png,ヨオ
crops/0000d68d.png,"それよりも
あの子の食いぶちが
減る分だけ お光さんも
早く借金返せるって
－－そう思って
あたしは……"
crops/0000d68e.png,"いらっしゃるなら
一声かけて下されば
もう少し まともな
おもてなしが出来た
のに……ねェ"
crops/0000d690.png,"お幸ちゃんの
事さ"
crops/0000d691.png,"とにかく
あたしゃ
あの子を売って
借金を片付けようなんて
これっぽっちも
思ってないんですよ"
crops/0000d69e.png,"で...
どうするのサ"
crops/0000d6a1.png,"失礼
いたします"
crops/0000d6a2.png,"それどころか
お光さんが
ああなった今は
うちの養女に
迎えようかと
そこまで
考えてるんです"
crops/0000d6a4.png,"驚いたのは
あたしの方だよ"
crops/0000d6a5.png,"当のお光さんが
やらかした殺しの
現場を目撃する
などとは
いやはや…
世の中と
いうものは…"
crops/0000d6a6.png,売るの…！？
crops/0000d6ae.png,"いやなお人ですよォ
帥匠ったら
なんだって
裏木戸から
いらっしゃるんです"
crops/0000d6b3.png,養女…！！？
crops/0000d6b6.png,"例の一件で
目撃したのが
あんただって
聞いてね！"
crops/0000d6b9.png,"まったく
人の縁などは
皮肉なものですな
お光さんの娘を
預かっている
手前共の者が"
crops/0000d6ba.png,"そりゃあまァ
世間的に見れば
お幸は うちが
借金のカタに取った
形になってますよ…"
crops/0000d6be.png,"ホ…ホホホ
まさか…売るなんて
そんな…！！"
crops/0000d6c3.png,"でもね 師匠
あたしゃ あの子を
お光さんから預かった
と思ってるんですよ
まァ うちとしても
ちょうど女の子の
人手が欲しかった
ところだし"
crops/0000d6c5.png,"びっくり
しましたよ
もう"
crops/0000d6c7.png,"と...
いいますと
...？"
crops/0000d6c8.png,"どうも
そこの一人息子が
風邪をひいて
うちに見えられた時に
お幸を見初めた
らしいんですよ"
crops/0000d6cb.png,"明日 大黒屋さんが
結納金を持って
見えられる
くれぐれも
粗相のない
ようにな…"
crops/0000d6d1.png,ハハハハハハ
crops/0000d6d9.png,"お前は
うちの娘として
大黒屋さんへ
嫁ぐんだ…
もちろん
今までの借金も
忘れてくれていいよ"
crops/0000d6da.png,"ただねェ
まさか母親が夜鷹で
その上 人まで殺めてる
とは あたしも
言えなくてねェ...
それで つい
お幸は私の親戚の子
なんだけど 事情が
あって 今は私が
親代わりなんだと
言ったんですよ"
crops/0000d6db.png,"ま...本当の事は
おいおい話さねば
いけないでしょうが
今は そうするのが
あの子の為だと…"
crops/0000d6dc.png,......はい......
crops/0000d6dd.png,"よしよし
聞き訳のいい子だ
安心しなさい
この亥朴が
立派な嫁入り道具を
揃えてあげる"
crops/0000d6e5.png,"ね…
その方が おっ母さんも
安心して病気を治せる
というものだ"
crops/0000d6e6.png,わかるだろう
crops/0000d6e8.png,......
crops/0000d6e9.png,"いいね
お幸...！！
これは
おっ母さんも
承諾しての
事なんだよ"
crops/0000d6ea.png,"実は あの子を
ぜひ嫁に欲しいという
話がありましてな
その相手ってのが
なんと あの薬間置で
江戸でも一、二を争う
大黒屋さんなんですよ"
crops/0000d6eb.png,"だから お幸にも
母親が死んだ話は
まだ してません
今は伊豆で
療養していると
言ってあります"
crops/0000d6ec.png,"だって
こんないい話を
棒に振る手は
ないですから…"
crops/0000d6f1.png,"き…
鬼女！！？"
crops/0000d6f6.png,"はーい
違うよー
違うからね"
crops/0000d6fc.png,"で...
で..."
crops/0000d6fd.png,痴女じゃなくて？
crops/0000d6fe.png,"だ だって お前
こんな所で火の用心
たって火の玉くらい
しきゃ..."
crops/0000d704.png,"い…いやだなァ
こんな薄気味の
悪い所まで
回んなきゃ
なんないなんて..."
crops/0000d708.png,"髪をふり乱した
怪しい人影が
墓場の土を
ざっく...
ざっく...と
掘り返して..."
crops/0000d70c.png,ひイイイ
crops/0000d70e.png,出たァ...
crops/0000d70f.png,"へ…
変な事
言うなって！！"
crops/0000d710.png,"し...
しょーがねェだろ
月番なんだから
ちゃんと声出せよ"
crops/0000d71e.png,"昨日の夜
出たんですって
ホラ 集英寺って
古いお寺の
お墓でね"
crops/0000d721.png,"と…突然
人影が振り返り！！
見ィたア
なア～～！！"
crops/0000d722.png,"それで…
遺体は…？"
crops/0000d726.png,まさか...
crops/0000d72b.png,"ご...
ごめんなさい"
crops/0000d72d.png,"まだくるんじゃ
ないよーーって！！"
crops/0000d72e.png,"無事だった
そうです
まだ棺桶まで
掘り届く前
だったらしくて..."
crops/0000d736.png,な…なんだって...！！
crops/0000d742.png,ひええぇぇぇ
crops/0000d743.png,"そんなに
おどろくなんて
…"
crops/0000d748.png,"そ…それで
その後 どーなった
のサ…
それだけじゃ
ないでしょ
話ってのは…！！"
crops/0000d756.png,"ポ…ポチがーッ
～～ノ…ノドに
～～～！！"
crops/0000d758.png,"あの 殺された
弥吉って人の
お墓だったんです"
crops/0000d75a.png,そうか...！！
crops/0000d75f.png,"や…やだ
お師匠さん
冗談ですよ
お…お茶
飲んで！！
お茶ーーッ！！"
crops/0000d760.png,"は...はい
本題は
ここからで
その掘り返された
お墓ってのが
－－－実は…"
crops/0000d761.png,"死んだ
おバァちゃんと
会って来た..."
crops/0000d767.png,墓荒らしだよ
crops/0000d769.png,"いやあ
まったく
めでたい！！
ハハハハハ"
crops/0000d76a.png,ハ！？
crops/0000d773.png,"そりゃあ
めでたい話
だねェ"
crops/0000d776.png,本当ですなァ
crops/0000d77a.png,決まってるサ
crops/0000d77c.png,"ところで
大黒屋さん
例の話は…？"
crops/0000d77d.png,"な…何を
するんですか"
crops/0000d77e.png,"これで結納も
済んだし
後は祝言を
待つばかり
ですな！！"
crops/0000d788.png,"あたしゃ
これから集英寺に
行って来るから"
crops/0000d78a.png,"こう見えても
この大黒屋…お上の
筋にも 多少の顔は
ききます…
婚礼の暁には
必ず…"
crops/0000d78d.png,え！？
crops/0000d790.png,"ああ…
ご典医の件
ですかな
ハハハ
ご安心なさい"
crops/0000d792.png,"これで
辻つまが合ったよ…"
crops/0000d794.png,は…はい
crops/0000d797.png,"すずめさん
あんたは これから
お光さんの家へ行って
あたしの言うものが
あるか 見て来て
おくれ"
crops/0000d79a.png,"ハ…
ハハハハ
ハハハハハ"
crops/0000d79b.png,"だ…
誰だ！！"
crops/0000d79c.png,やーだよーん
crops/0000d79e.png,"た…大変結構な
お噺を…
ただ それが手前共と
何か…？"
crops/0000d79f.png,"よォ
お幸ちゃん
きれーだねェ
見違えたよ"
crops/0000d7a3.png,"その後 金兵衛は
手にした金で目黒に
餅屋を出したら
これがまた大層
繁昌した…"
crops/0000d7ab.png,"その金欲しさに
とうとう墓まで
あばいちまう
そして西念の腹を
刃物でまさぐり
ついには金を手に
するって話よ"
crops/0000d7ac.png,"昔 下谷に西念って
ガリガリの亡者の坊主が
いたんだけど
こいつが ある日
病気ンなって
死にかかっちゃうのよ"
crops/0000d7ae.png,"お…
おじさん…"
crops/0000d7b6.png,"て…鉄扇の
旦那！！"
crops/0000d7b7.png,"その様子を
隣に住んでいる
金兵衛って男が
見ていた
こいつは こいつで
また金が大好きで"
crops/0000d7b8.png,"こ…
黄金餅で
ございますか…
さて…？"
crops/0000d7bf.png,"ところが 心残りで
死ぬに死ねないのが
今まで溜め込んだ金を
どうするか…
元々が金の亡者
みたいな坊主だ"
crops/0000d7c1.png,"あ…あの
旦那……！！"
crops/0000d7c5.png,"なァに…
この黄金餅と同じ
事件が起きたって
事を言いたいのサ"
crops/0000d7c7.png,"これが
江戸の名物
黄金餅の由来の
一席さ…！！"
crops/0000d7c9.png,"ち…
ちょっと旦那！！"
crops/0000d7ca.png,"悩んだあげくに
溜めた金を
餅に詰めて
喰っちまった"
crops/0000d7ce.png,あたしだよ
crops/0000d7db.png,"なァ…大黒屋さん
あーた 黄金餅って
噺を知ってる？"
crops/0000d7e3.png,"今日は この通り
ちょっと立てこんで
おりますので
また日を改めて…"
crops/0000d7e8.png,"はじめは小遣い程度の
金で済んでいたが
その内 どんどん値が
上がっていった…
そして ついに…"
crops/0000d7ea.png,これを使った…
crops/0000d7eb.png,"岩見銀山なんて
どこでも手に入る
もんじゃないか！！
それが
どうして
うちなのサ！！"
crops/0000d7f0.png,"しかし 殺人は
失敗……手傷を
負わせたものの
弥吉は命からがら
家へ逃げ帰る…"
crops/0000d7f1.png,"たぷん 体の弱い
お光さんに 薬と
偽って 少しずつ
飲ませてたんだろう"
crops/0000d7f9.png,"これは すずめさんが
お光さんの家から
見つけて来て
くれたもので
岩見銀山…"
crops/0000d7fb.png,毒だ！！
crops/0000d801.png,"な…何を
言うんです！！
旦那！！
いいがかりは
よしてくれ！！"
crops/0000d802.png,"業をにやした二人は
弟子の銀平を使い
弥吉を殺そうと
した……！！"
crops/0000d804.png,お幸ちゃん
crops/0000d80b.png,は…はい
crops/0000d80c.png,つまり
crops/0000d80d.png,弥吉だ
crops/0000d80f.png,"しかし
お幸ちゃんは
実の娘でもなんでも
ない…そこで…！！"
crops/0000d810.png,"ここからが まさに
さっきの黄金餅だ…"
crops/0000d816.png,"これからの
あたしの言う話
…気を落ちつけて
よく聞くんだよ"
crops/0000d81b.png,"そして
その事を知って
ゆすり始めた男が
いる…"
crops/0000d81c.png,"手傷を負わされ
自分の命が
もはや短いと知った
弥吉は…"
crops/0000d81d.png,"ここにいる
亥朴とお兼はね
今度の嫁入り話の
利益の大きさに
まず気がついた
大黒屋の
後ろ楯があれば
金は もちろん
今までは
町医者だったのが
ご典医にもなれる"
crops/0000d820.png,"お光さんに
殺人の罪をなすり
つければ わざわざ
今までみたいな
毒を盛り続け
なくても済む"
crops/0000d822.png,"弥吉の台所に
あった包丁を
手にする…"
crops/0000d823.png,証拠なら
crops/0000d825.png,"じ…冗談じゃない
証拠はあるのかい！！
証拠は！！
いいかげんな事
お言いでないよ！！"
crops/0000d826.png,"今まで溜めた金を
サイフから出し"
crops/0000d828.png,"そして まさに
千載一遇の この好機に
一計を思いついた…"
crops/0000d82e.png,"ところが そこへ
失敗した銀平の知らせを
受けた お兼たちも
やって来ていたんだ…"
crops/0000d82f.png,"要は
お光さんさえ
いなくなれば
いい訳だから…"
crops/0000d83a.png,"弥吉の息が
絶えた後
お光さんは
意を決して"
crops/0000d83d.png,"そして その時
偶然 それを
見てしまったのが"
crops/0000d841.png,"お光さんと弥吉
この一見
何のかかわりもない
二つの杞憂を うまく
片づけちまったのが
今回の事件サ"
crops/0000d842.png,証拠かい…
crops/0000d845.png,"まさに
鬼気迫る瞬間
だったろう…"
crops/0000d847.png,"呑み込んで
いった……"
crops/0000d84f.png,お光さんだった…
crops/0000d850.png,"このお金があれば
娘を取り戻す事が
出来るかも
知れない…"
crops/0000d851.png,"ひ…
人殺しィ…"
crops/0000d85a.png,"その時の
お光さんの心の
葛藤は どんな
ものだったか…"
crops/0000d85b.png,"あとは お白州が
お前ェらを
待ってるよ"
crops/0000d860.png,"そいつは
昨Ｅ 銀平と二人で
弥吉の墓を
掘り返した時に
出来たケガじゃ
ねエのかい！！"
crops/0000d863.png,"弟子の銀平も
今頃は八丁堀に
捕まって 自白してる
事だろうよ"
crops/0000d86c.png,……
crops/0000d86d.png,"偽の目撃談と
鬼女…そして
本物の守銭奴"
crops/0000d872.png,あ…あ…
crops/0000d878.png,"お兼！！
その手の包帯は
どうしたんだい"
crops/0000d879.png,"それが
お前さんたち
夫婦の正体さ！"
crops/0000d87c.png,"この金は
奉行に頼んで
弥吉を腑分した時に
腹から出て来た
金だ"
crops/0000d884.png,"弥吉の腹に
金が話まってんのを
知っていたのは
死んだお光さん以外は
目撃者の お前たちしか
いない……！！"
crops/0000d888.png,やりきれねぇ…
crops/0000d88f.png,"だめですよ
師匠！！
なんと言われても
二両きっかり！
ビタ一文
負かりません！！"
crops/0000d890.png,"そうですか
大黒屋さんが
全て知った上で
改めて
お幸さんを…"
crops/0000d892.png,"いい所
ありますね…"
crops/0000d895.png,初恋
crops/0000d898.png,"ダメったら
ダメです"
crops/0000d8a6.png,"花嫁御寮は
なぜ泣くのだろ"
crops/0000d8a8.png,"文金島田に
髪結いながら
花嫁御寮は
なぜ泣くのだろ"
crops/0000d8aa.png,ケチ～
crops/0000d8ad.png,第八席
crops/0000d8b2.png,"金襴緞子の
帯しめながら"
crops/0000d8b3.png,"でも欲しーんだよォ！！
これェ！風来山人の
雷の箱！！"
crops/0000d8b4.png,ああ…
crops/0000d8b6.png,"なァー
いいじゃんさ
親父さん～！！
これ あたしに
売っとくれよ～"
crops/0000d8bd.png,"だ…誰か
スリだーーッ！！"
crops/0000d8be.png,"しまった！！
ま まさか"
crops/0000d8c8.png,"ヘへっ
ゴメンよ！！
急いでんだ"
crops/0000d8d0.png,"サイフが
…あ…あ
あれが！！！"
crops/0000d8d7.png,"な…ないっ！！
ないーーッ！！！"
crops/0000d8da.png,"おい 気を
つけろい！！"
crops/0000d8df.png,へへっ なんだい
crops/0000d8e3.png,"たしかに…
新参者にしちゃあ
いい手際だった
ぜ！"
crops/0000d8e5.png,"どうやら
昔の赤穂浪士の
処罰を
よしとしない
その子孫が
何人か集まって
なにやら
たくらんでる
らしいんだ！"
crops/0000d8e8.png,"だがな
俺たちの世界にも
筋ってもんがあるんだ"
crops/0000d8ed.png,"らって
キンタマあっためると
体があったまるん
だも～ん"
crops/0000d8f0.png,"新参者に
場を荒されて
黙っちゃいられ
ねェんだよ"
crops/0000d8f5.png,"なァに それ
新しい歌舞伎か
なんか？"
crops/0000d8fa.png,赤穂の残党！？
crops/0000d8fb.png,"で…その
向こうの銭湯が
どうしたって？"
crops/0000d8ff.png,"悪いが チィと
痛い目見て
もらうぜ！"
crops/0000d903.png,"バカモン！！
現実の話だ！
それよりなんだ
そのカッコは！"
crops/0000d908.png,"違う！！
赤穂の残党
だ！！"
crops/0000d90f.png,"ちょろいもんだぜ
スリなんて！！"
crops/0000d91d.png,"あたしにゃ
関係ないね
ーーーー♡"
crops/0000d921.png,"そして その
手がかりの
品があって
それを残党が
やっきになって
探してるらしい…"
crops/0000d924.png,"大石内蔵助って人は
たいした利殖家
だったらしくてな
打ち入りのために
用意した金子は
一部しか遣わず"
crops/0000d92b.png,"えーーっ！！？
そりゃ とんでも
ねェ話だ！！
ねェ兄キ！！"
crops/0000d92c.png,"よくある話だ
まゆつば
まゆつば"
crops/0000d930.png,"うわさじゃ
その連中
こともあろうに
徳川家の転覆を
狙ってるらしい"
crops/0000d931.png,"残りは お家再興の
悲願がかなった時の
ために 残しておいた
らしい…"
crops/0000d932.png,"そりゃ
そースね"
crops/0000d933.png,"いわゆる
赤穂の埋蔵金
というやつだ…"
crops/0000d93c.png,げ
crops/0000d93f.png,"それが
あるらしいんだ"
crops/0000d940.png,"だいたい
残党ったって せいぜい
１０人２０人の集まりでしょ
そんな人数で どうやって
幕府を倒すのサ
江戸中の浪人を
やとえるだけの
金でもあるんなら
別だけど"
crops/0000d943.png,"だめだよ
乱暴にしちゃ
持ち主にとっては
大切な物かも
知れないじゃない！！"
crops/0000d947.png,"さあ…
どうしようかなァ"
crops/0000d948.png,"くそっ！！
なぐられただけ
損したぜ！！"
crops/0000d949.png,"な…なんだァ
ーーーー！？　"
crops/0000d952.png,"奉行所に
届け出れば
持ち主に返る
かも知んないし"
crops/0000d955.png,"なーんて
ウソよ！
そんな事しません"
crops/0000d956.png,"けど これは
あたしが
あずかって
おくからね"
crops/0000d957.png,"ぶ…奉行所ォ！！
おチビさん お前
俺を奉行所に
売るつもりじゃ…"
crops/0000d958.png,"う～～
寒い！！"
crops/0000d95b.png,"とりあえず
今日 スリ取った
お宝が無事で
よかったけどな"
crops/0000d95c.png,"へへっ
おっ なんだこれ
重てェぞ！！"
crops/0000d95d.png,"………
俺…
慎悟っていうんだ
おチビさんは？"
crops/0000d95e.png,"まったく 九死に
一生とは この事だ
おチビさんに
助けてもらわな
かったら 氷づけに
なってたぜ"
crops/0000d963.png,"一体 どうしたん
ですか？
こんなひどい
ケガ……！？
まさか
迫いはぎに
遭ったとか"
crops/0000d968.png,"ちっきしょう
ふざけやがって！！
なんだこんなもん！！！"
crops/0000d96c.png,"やむにやまれぬ
事情が
あるんだよう"
crops/0000d96e.png,"スリ取ったって
あなた
スリなの！？　"
crops/0000d971.png,"ま…似たような
もんだな
いてててて"
crops/0000d977.png,"へへっ
まァ そんな
怖い顔すんなよ
おチビさん"
crops/0000d979.png,"スリだって
わかってたら
助けなかったわ"
crops/0000d97e.png,"そろそろ
俺 行くよ"
crops/0000d988.png,"も…申し訳
ございません！！"
crops/0000d989.png,"やっと
そろったと思った
最後の一枚を
スリごときに
奪われおってェ！！"
crops/0000d98a.png,"え…
でもケガは？"
crops/0000d98d.png,"ありがとう
な…"
crops/0000d98e.png,"よかったよ
本当に…
助けてくれたのが
すずめちゃんみたいな
やさしい女の子で"
crops/0000d990.png,じゃ…
crops/0000d99c.png,"それに 家で
病気のおっ母さんが
心配して
待ってるから…"
crops/0000d99e.png,"もう平気
ちゃんと手当て
してもらったし"
crops/0000d9a1.png,"今日の借りは
いつか必ず
返すから…"
crops/0000d9a3.png,たわけェ！！
crops/0000d9b4.png,"ねェ…三吉
あの人 どうしたの
ここんとこ ずっと
ああだけど…"
crops/0000d9b6.png,ハッ
crops/0000d9b9.png,"たのむ！！
手を貸して
くれ"
crops/0000d9bd.png,さ…さあ
crops/0000d9be.png,"それにしても
ロ惜しいわ！！"
crops/0000d9c0.png,"四十七士が残せし
埋蔵金…
それを見つけだすには
十二支の鍔
一枚欠けても
ならんのじゃ！！"
crops/0000d9c7.png,"こうなったからには
たとえ 江戸中の
スリを 皆殺しに
しても 残る鍔を
取り戻すのじゃ！！"
crops/0000d9cf.png,"死体をかたづけて
おけい！！"
crops/0000d9d1.png,"ええい
ゆるさん！！"
crops/0000d9d5.png,"東町の道ばたで
また人が殺されて
るんだ…"
crops/0000d9d6.png,"おっ 鉄扇
ここにいたか！！"
crops/0000d9d7.png,"こりゃ…
そーとー
重症だ…"
crops/0000d9dc.png,ありがとう
crops/0000d9dd.png,よいな！！
crops/0000d9de.png,"よかったよ
本当に…
助けてくれたのが
すずめちゃんみたいな
やさしい女の子で"
crops/0000d9e0.png,"今度も
スリ師だ"
crops/0000d9e1.png,きゃっ
crops/0000d9e3.png,ぎゃああ！！
crops/0000d9e9.png,"ノリがアニキに
似てますね"
crops/0000d9eb.png,"フ～ン
それで あんた
このごろ様子が
おかしかったのかい
スリの慎悟くん
ねーー なんか
どっかで聞いた事
ある名だな～"
crops/0000d9ed.png,"バ…バカな事
言わないで下さい！！"
crops/0000d9f1.png,"あれ また
とんじゃってるよ
この人ァ"
crops/0000d9f7.png,"ったく
毎回毎回
人を
呼び出して"
crops/0000d9fa.png,"いーやーねぇ
いーやーねぇ
近ごろの若い人はァ"
crops/0000d9fe.png,"しかも全員が
スリとは…
おかしいとは
思わんか
鉄扇！？"
crops/0000da00.png,ふわああ
crops/0000da04.png,"ホ…ホントに
そんなんじゃ
ないんです"
crops/0000da07.png,"まァ とにかく
あついよ この～"
crops/0000da13.png,"あんた まだ
純潔は守って
んだろーねェ"
crops/0000da1a.png,スリ…
crops/0000da1c.png,"この十日の間に
すでに十三人が
殺られてる…
切り口から
見ても かなりの
手練れだな"
crops/0000da26.png,"あんた…
おもしろい物
持ってんじゃない"
crops/0000da27.png,ド根性ガエル
crops/0000da34.png,"兄キ
あんまり
いじめると
すずめちゃんが
かわいそうですよ"
crops/0000da3d.png,ん…
crops/0000da3e.png,ヘーンだ
crops/0000da41.png,"すずめさん
あたしだって本当は
ちゃんと あんたの事
女の子だって
思ってるよ…"
crops/0000da43.png,"わたし…
名前どおり いつも
着たきりすずめ
だし…性格も
男の子みたいに
ガサツだし…"
crops/0000da46.png,"あ～あ
行っちゃった…"
crops/0000da56.png,"ク…
クソバカたれ"
crops/0000da58.png,こ～んなに…
crops/0000da5b.png,"オイオイ
人がボケてん
だからツッコめ
よ…
やりがいのない…"
crops/0000da5d.png,"ホ～レ
ホレ"
crops/0000da60.png,"今だって…
ホラ"
crops/0000da64.png,"お…
お…"
crops/0000da69.png,"わたし…
初めてなんです
あんな風に
ちゃんと女の子として
見てもらったのは…"
crops/0000da6f.png,"もー きっと
あんな師匠に
ついてるから
あたし どんどん
女の子らしく
なくなって
いくんだわ"
crops/0000da75.png,"いつまで
やってんスか！！"
crops/0000da76.png,お師匠さん
crops/0000da79.png,"せっかく
喜んでもらおうと
思ったのに"
crops/0000da7b.png,"だから あの人に
やさしい女の子って
言われた時
すごく
うれしくて…"
crops/0000da7f.png,ハア～～
crops/0000da83.png,"お師匠さんの
クソバカ
たれ～～～！！"
crops/0000da86.png,"だ…
大丈夫かい
おっ母さん"
crops/0000da8d.png,"まだ一口しか
食べてないじゃ
ないかよ"
crops/0000da93.png,"そ そんな
こちらこそ…"
crops/0000da98.png,慎悟さん…
crops/0000da9a.png,"あたしは
もういいから
あんたが
お食べ…"
crops/0000da9b.png,"俺は
いいんだよ
今朝 うどん屋で
たらふく喰って
来たから"
crops/0000daa1.png,"す…
すずめちゃん！！
どーしてここに！！！"
crops/0000daa2.png,"よ…よせやい
おっ母さん
すずめちゃんが
困ってるじゃ
ないか！！"
crops/0000daac.png,"ホラ
おかゆ
できたぜ"
crops/0000daae.png,"な…
何言ってん
だよ"
crops/0000dab2.png,"カワイイ
だなんて…
そんな…
カワイイ
だなんて
フフフ"
crops/0000dabc.png,"ご…ごめんなさい！！
あたし 盗み聞き
するつもりじゃなくて
その…通りかかったら
あの…！！"
crops/0000dac0.png,"あたしが
こんな体なもので
何も行き届き
ませんが
仲良くして
やってね…"
crops/0000dac4.png,"お前…
自分の分は
……？"
crops/0000dac8.png,"さ…
あついから
そっと食べな"
crops/0000dac9.png,"そう…
慎悟に こんな
かわいいお友達が…"
crops/0000daca.png,"それに スリの事も
黙っててくれて
ありがとう
もし おっ母さんが
それを知ったら
どんな顔したか…"
crops/0000dacf.png,グッ！！
crops/0000dad1.png,"あぶない！！
逃げて！！！"
crops/0000dad8.png,"ホント
まいっちまった
へへ…"
crops/0000dada.png,待て！！
crops/0000dadb.png,"ああ
そうだけど"
crops/0000dade.png,あ…
crops/0000dae1.png,"やっと
見つけたぞ"
crops/0000daee.png,"涙まで流したのには
まいっちまったよ"
crops/0000daef.png,"また会えて
うれしかったよ"
crops/0000daf1.png,"おっ母さんのやつ
俺の女の子の
友達なんて
初めてだから
変に浮かれちゃってさ"
crops/0000daf2.png,フフフ
crops/0000daf3.png,"お前が
慎悟とか申す
スリか？"
crops/0000db01.png,"この人達は
きっと あの十三人
殺しの下手人…"
crops/0000db03.png,う…
crops/0000db05.png,"ところで
どうするかい
旦那！
ここで戦るかい"
crops/0000db09.png,"もしやと
思って来てみたらサ"
crops/0000db0b.png,"お前がスリ取った
刀の鍔を返せ！！"
crops/0000db0c.png,"よう慎悟
あたしを覚えてる
かい！？
あんたの親父と
飲み友達だった
鉄扇だよ"
crops/0000db0f.png,"て…
鉄扇師匠"
crops/0000db18.png,な…なんだって
crops/0000db1a.png,"な…
なにやつ！！"
crops/0000db1f.png,"すずめちゃんに
何をする
つもりだ！！"
crops/0000db24.png,"さもなくば
今は峰打ちだが
次は斬る！！"
crops/0000db2a.png,"す…すずめ
ちゃん！！"
crops/0000db2f.png,"なるほどねーー
あやしい浪人が
よってたかって
スリ殺し！
採してるのは
なにやら
いわくありげな
刀の鍔ねーー"
crops/0000db32.png,"て…てめェら
いきなり何を
しやがんだ！！"
crops/0000db34.png,………
crops/0000db39.png,ぶらり鉄扇
crops/0000db3d.png,"これも何かの
因縁かねェ
すずめの相手が
お前さんとは"
crops/0000db45.png,"に…逃げて
慎悟さん…
殺されちゃう"
crops/0000db49.png,"あんたたちの
探してる物なら
あたしが別の所で
ちゃーんと
あずかってるよ！"
crops/0000db51.png,"俺に鍔を
あずけて下さい"
crops/0000db58.png,"あたしですら
どうなるかも
わからない"
crops/0000db5a.png,"この鍔に隠された
暗号…たぶん
何枚かあるうちの
一枚でも欠けると
解けない仕組に
なってるんだろう"
crops/0000db5c.png,"俺…必ず
すずめちゃんを
取り返して見せます
お願いします！！"
crops/0000db5d.png,"よかろう
ここで騒ぎを
起こしても始まらぬ
明日！ 午の刻
矢合ヶ原で待つ！！
それまでは この娘
あずかっておくぞ"
crops/0000db62.png,え…
crops/0000db64.png,いいだろう
crops/0000db6b.png,"大丈夫だよ
俺だって 親父に
スリの体術を
仕込まれて
育ったんだ
ちょっとやそっとで
殺されたりは！！"
crops/0000db76.png,"あんたも
しつこいね！！"
crops/0000db7a.png,"お前さんも
親父 そっくりな
性格だねェ…"
crops/0000db7f.png,"お前さんにゃ
無理だ…
相手は あたしが
今まで見た中でも
最高に腕がたつ"
crops/0000db80.png,でも！！
crops/0000db84.png,"ただし！
町方には知らせるな
さもなくば
娘の命はないぞ！！"
crops/0000db86.png,"つまり奴らも
必死って訳だ！！
とても一筋縄では
いかないよ！！"
crops/0000db8b.png,"お前さんの親父も
向こうみずでねェ…"
crops/0000db8d.png,"オイオイ
なんてカッコ
してんだい"
crops/0000db90.png,"酒で もう手を
まともに
動かせねェクセに
仕事に出かけて…
あたしが
止めんのも
ふり切ってサ"
crops/0000db92.png,"安心せい
ちゃんと ここへ
連れて来ておる"
crops/0000db93.png,"あたしゃ
お前さんにゃ
そんな生き方
してほしくないんだよ"
crops/0000db94.png,"待っていたぞ
鉄扇！！
約束の物は
持って来たな！？"
crops/0000db9a.png,"きっと こうなったのも
死んだ親父さんの
引き合わせなのかも
知れないねェ…"
crops/0000dba1.png,"一緒に死なせて
やるためにな！！"
crops/0000dba3.png,お師匠さ～ん
crops/0000dba8.png,"それより
すずめさんは？"
crops/0000dbac.png,"昔…まだ お前さんが
七つくらいの時に
大病で死にかけた時も
どうしても
金がいるんだって
言ってねェ…"
crops/0000dbb3.png,"チューシングラ
か～"
crops/0000dbb5.png,"侍でも狙ったのか
次の日の朝
冷たくなって
道ばたに
転がっていた…"
crops/0000dbbb.png,おのれーーー！！
crops/0000dbbc.png,があああ
crops/0000dbbf.png,"三吉！！
今だ！！"
crops/0000dbc1.png,"ふれても
おらんのに
はじき返した！？"
crops/0000dbc6.png,うっひょ～～
crops/0000dbcd.png,"だまれ！！
おのれらごとき
下郎に
我ら赤穂
積年の恨みなど
わかるものか！！"
crops/0000dbcf.png,"箱に封じ込めた
雷様に ヘソォ
取られたい奴は
かかっといで！！"
crops/0000dbd0.png,ヘイ！！
crops/0000dbd8.png,"骨董屋から
買ったものを
一晩かけて
直したんだぞォ！！"
crops/0000dbd9.png,"大エレキテルって
しろもんだい！！"
crops/0000dbdc.png,"な…なんだ
今のは！？
光ったぞ！！"
crops/0000dbe0.png,"自分は
一人で寝てた
クセに"
crops/0000dbe2.png,"おどろいたか
ベラボーめ！！
これぞ風来山人こと
平賀源内が
その昔 作りし"
crops/0000dbe4.png,"あんたら
あの四十七士の想いが
わかんねェらしいな"
crops/0000dbe5.png,"歌舞伎を
見たことないんじゃ
ないのォ…"
crops/0000dbf1.png,"せめてもの
冥土のみやげって
訳ですか"
crops/0000dbf9.png,"ごていねいな
こった"
crops/0000dbfc.png,"お家の再興なくば
生きてゆけぬ
我らの立場が！！"
crops/0000dbfe.png,死ねェい
crops/0000dc05.png,はい
crops/0000dc11.png,"それに
さわるな！！"
crops/0000dc14.png,うっきょきょーい
crops/0000dc18.png,すずめちゃん
crops/0000dc1a.png,"気…気をつけろ！！
そこら中に鉄線が
張りめぐらされて
いるぞ！！"
crops/0000dc24.png,"まくる
ぞォ～～"
crops/0000dc2a.png,慎悟さん
crops/0000dc35.png,お…おのれーーー
crops/0000dc3a.png,"サ 早く
今 縄を切るから"
crops/0000dc3e.png,"よ…よくも
まァ
いつもいつも
ああいう陰険な
罠を考える
なァ…"
crops/0000dc54.png,"鉄扇さん 成功です！！
すずめちゃんは
無事です！！"
crops/0000dc56.png,ええい！！
crops/0000dc5c.png,"ゴクロー
さ～ん"
crops/0000dc5d.png,えっ！！？
crops/0000dc63.png,"すずめちゃん
あぶない！！"
crops/0000dc6b.png,"いつだって
そのケンカに
巻き込まれて
泣くのは庶民
なんだよ！！"
crops/0000dc6d.png,"て…てめェ
ーーーー"
crops/0000dc6e.png,"ほい
ほ～～い"
crops/0000dc70.png,"お…おのれ
計ったな！！"
crops/0000dc72.png,"何が赤穂 積年の
恨みだい…
たかが侍同士の
ケンカじゃないか"
crops/0000dc7b.png,うおおおおおおー
crops/0000dc8d.png,うっ
crops/0000dc93.png,ああ…
crops/0000dc9c.png,"俺…も やっぱ
親父と同じ…
バカ…だ"
crops/0000dca1.png,慎悟さん…
crops/0000dca5.png,"へへ…これで
やっと借りが返せ…た"
crops/0000dcaf.png,"雪が
きれいだなァ"
crops/0000dcb2.png,クズ野郎
crops/0000dcb4.png,"そうすりゃ
次に二番目の
鍔が示す方向へ
…それを
繰り返せばいいってわけだ"
crops/0000dcb7.png,"ところで
その暗号ってのは
どんなしろもん
だったんです？"
crops/0000dcbb.png,"どうします
兄キ！！
大判小判が
ザックザク
だったら"
crops/0000dcbc.png,"起点は たぶん
浅野内匠頭の
墓だろう"
crops/0000dcc1.png,"一言で言っちまえば
あの鍔に彫られた
図柄そのものが
案内版だったんだよ"
crops/0000dcc2.png,"それがね
ホント
おかしいのよ
慎悟さん"
crops/0000dcc4.png,"えっ！！
もう埋蔵金の
暗号が解けた！？"
crops/0000dcc5.png,"そーかなァ
ーーー？"
crops/0000dcc7.png,"おもしろ
そーなのに…"
crops/0000dcc8.png,"たとえば
そこから一番目の
鍔が卯なら
東へ５０町
進めばいいのサ"
crops/0000dcc9.png,"なんだァ
オイラもついて
行きたかった
なァ"
crops/0000dcca.png,"ハァー
な～る"
crops/0000dccb.png,"ケッ
バカバカしい"
crops/0000dccc.png,"なァに
大したことじゃ
ないよ"
crops/0000dccf.png,"さっき
八丁堀達が
いそいそ
出かけて行ったよ"
crops/0000dcd2.png,"それぞれ
干支は方角を表わし
数字は見ていく
順番…その下の
数字は距離で
丁 すなわち町さ"
crops/0000dcd3.png,"たぷん そこには
なんかの目印が
あるだろう"
crops/0000dcd6.png,"どうせ
今頃 八丁堀が
つまんないもの
見つけて
がっかりしてるよ"
crops/0000dcdf.png,"ああ
この間の残党の
隠れ家から
残りの１１枚が
出て来てね"
crops/0000dce4.png,"それは藩の役人などが
連続して変死体として
発見される
というもので"
crops/0000dce6.png,"お師匠さんが
小石川の療養所に
入れてくれたの"
crops/0000dced.png,時に天保十二年の春
crops/0000dcef.png,"東海道
駿河の国草薙藩
箱根の関を越えた所にある
この小藩で ある事件が起こっていた"
crops/0000dcf3.png,"死体に外傷または
毒殺されたような
形跡もなく その上で
全員が悶絶死していた
のである……"
crops/0000dcf4.png,"あ…それと
お母さんの事なら
心配しないで"
crops/0000dcfa.png,"結局その
坦蔵金ってのは
ただのお塩
だったんだって"
crops/0000dcfc.png,"安心…
して…ネ"
crops/0000dcfd.png,"しかも これらは
厠 風呂場…あるいは
駕篭といった
密室に近い所で
必ず死んでおり"
crops/0000dcfe.png,"特産品で
有名な赤穂の塩"
crops/0000dd01.png,"昔なら 売れば
大金になったかも
知れないけど
８０年も前の
お塩じゃあねー"
crops/0000dd07.png,第九席　再会
crops/0000dd09.png,"あたしも
毎日 通ってる
から……"
crops/0000dd16.png,"で…
この九尾の狐がってーと
天竺 唐土と荒らし回った
末に この日の本に渡って
来たってんですな"
crops/0000dd1a.png,"えーー
その昔
大そう性根の悪い
狐がおりましたそうで
名前は金毛自面九尾の狐と
ずいぶん長ったらしい
名前が付いていたもんで"
crops/0000dd1b.png,"よっぽどいー女に
化けやがったんでしょうね"
crops/0000dd1c.png,－－－江戸－－－
crops/0000dd1d.png,"なんでかは
学校で聞いて
下さい…"
crops/0000dd23.png,第九席　再会
crops/0000dd29.png,"その時
狐が逃げながら
詫びたそうでーー
言った言葉が
「もうコンコン」…"
crops/0000dd2a.png,"やはり
高貴なお方とは
いっても
野郎ですから
いー女には弱い
弱いついでに
病気ン
なっちゃった"
crops/0000dd36.png,"そこには
鉄扇との別れから半年
あの江戸市中を騒がせた
末に  江戸所払いとなった
「あおい小僧」ことお鶴の姿が
あった……"
crops/0000dd37.png,"「よし ここらで
もう一暴れ
しちゃおうかしらん」
なんてんで
恐れ多くも 時の
さる高貴なお方の
レコンなっちゃう"
crops/0000dd39.png,"あらいー女だね
まっぷがいいよ
なんて言ったかどーか…"
crops/0000dd3b.png,"これはおかしい！
ってんで調べていくうちに
とうとう正体がバレて
化け狐も「こりゃいけねェや」
なんて言ったかどうかは
わからないけども
えーーさいごには
武勇の誉も高い
豪の者三人に那須の原
まで追いつめられちゃう"
crops/0000dd41.png,"今 行ってやっから
待ってな！！"
crops/0000dd4a.png,"一人この身（木ノ実）の回りに
悪（飽く）ばかりがいるのです…"
crops/0000dd4b.png,"読んで
ないったら"
crops/0000dd4d.png,"こいつは
いけねェ…"
crops/0000dd54.png,"お師匠さ～ん
待ってーーッ
あたしも乗せて
ーーーーッ"
crops/0000dd55.png,"い～
におい～"
crops/0000dd59.png,"私が（山鳥が）浮き世を
のがれたとしても"
crops/0000dd5e.png,早く～～ッ！！
crops/0000dd60.png,"お お見せ！！
早く！！早く
ーーーーっ！！"
crops/0000dd66.png,"のがれても
猶うき事は山鳥の
ひとりこのみにあくばかりなり
ーー鶴ーー"
crops/0000dd67.png,"ったくもー
今の今まで
連絡の一つも
よこさないで
一体どこに
いんのサ
草薙藩だァ！？
なんだって
こんな所に
いんのサ
ちょっとォ！！
人の手紙
読まないでよォ！！"
crops/0000dd68.png,"あ～～
お鶴ちゃんの
においだ～～"
crops/0000dd6b.png,"ウ
ウッソ～！！"
crops/0000dd70.png,"えーーっ
お…お…お…
お鶴ちゃんから
手紙ーーーッ！"
crops/0000dd71.png,"ちょいと
御不浄へ"
crops/0000dd78.png,お待たせを…
crops/0000dd81.png,"なんじゃあ
今来たばかり
じゃというのに！！"
crops/0000dd82.png,"今日 仲問が
大吉屋の
屋敷より
手に入れた物…"
crops/0000dd86.png,"ん！？
どうした"
crops/0000dd87.png,"では やはり
あの
大吉屋が…"
crops/0000dd8d.png,"それを
今宵 参られる
勘定方の田辺殿に
手渡してくれ…"
crops/0000dd93.png,割り符…
crops/0000dd96.png,これを…
crops/0000dd99.png,"ささ…もっと
こっちへ来て
酌をしてくれ
早よう！！ さ…
早よう！！！"
crops/0000dd9a.png,"挨拶なんぞ
よいから 早よう
来いと言うんじゃ"
crops/0000dd9e.png,"まだ
確証は
つかめて
おらんが…"
crops/0000dd9f.png,"…………
たしかに…"
crops/0000dda4.png,ニャ～ォ
crops/0000dda7.png,"あらあら
大吉屋さん
毎度ご贔屓に"
crops/0000ddaa.png,"おおっ お鶴！！
待っておったぞ！！"
crops/0000ddae.png,"ヘイ 旦那
おつかれ
さんで！
着きやしたよ"
crops/0000ddaf.png,"田辺の旦那！
旦那！！"
crops/0000ddb3.png,"なんだい なんだい
人が着いたとたんに
ぶっそーな話だねェ"
crops/0000ddba.png,ヒィィィ
crops/0000ddbd.png,"旦那は屋敷から
駕篭に乗るまで
ビンビンしてたのに
………！！
道中だって
別に変わったこと
は…！！"
crops/0000ddc2.png,"田辺様…
どうして…"
crops/0000ddc3.png,………
crops/0000ddc4.png,"し…
死んでいる！！？"
crops/0000ddcb.png,お…お前さんは
crops/0000ddcf.png,………！
crops/0000ddd1.png,………
crops/0000ddd6.png,"どうした！！
何が一体…あ！！
田辺様！！"
crops/0000dddf.png,"しょうがねェなァ
寝ちまったのかな
旦那 失礼
しますぜ！！"
crops/0000dde4.png,"どうして
こんなことに……"
crops/0000ddf2.png,い…情夫…！？
crops/0000ddf4.png,"あんたァ！！
本当に
あんたかい！！"
crops/0000ddfb.png,"それも藩の役人だの
関所の番人だの
ばっかり"
crops/0000de01.png,"人のこと
丸二日
走らせどーしで
…"
crops/0000de05.png,"どうせ
そーやって
泣きつくんなら
最初から
かっこつけなきゃ
いいのに"
crops/0000de09.png,"なるほど
変死体ねーー"
crops/0000de0a.png,"よお！！
待ってたかい お鶴
今 来たぜ！！"
crops/0000de0d.png,"もう ここ三か月で
十人以上…"
crops/0000de0f.png,"関所の番人まで
ねーー"
crops/0000de16.png,"お鶴
その方は…"
crops/0000de19.png,"あたしの
情夫ですよ"
crops/0000de1a.png,十人も！！
crops/0000de22.png,"うわ～ん
会いたかったよォ
～～～ゥォォ！！"
crops/0000de23.png,"お鶴ちゅわ～～
～～～～ん！！"
crops/0000de29.png,"なんだい
こりゃ…割り符？"
crops/0000de2b.png,"黙ってそれを
預かっておいて
ほしいんだよ"
crops/0000de2d.png,"わぁ
お鶴さん
胸おっき…"
crops/0000de38.png,フーン
crops/0000de39.png,これを…
crops/0000de3e.png,"一人この身に
悪ばかり…か"
crops/0000de41.png,"さすが
元盗賊"
crops/0000de44.png,"でも
お鶴さん
なんで
その方のこと
よく知ってるの"
crops/0000de45.png,…………
crops/0000de47.png,"そろそろ
本当ン所
教えちゃ
くんないかい…
お前さん
一体 ここで
何を
やってんだい"
crops/0000de49.png,"カンがいい
やね"
crops/0000de4b.png,"江戸を
出てから
何を
していたのォ"
crops/0000de4e.png,"さっき亡くなったのも
田辺様っていって
この藩の勘定方でねェ"
crops/0000de4f.png,"とても真面目な
本当に いい方
だったのに……"
crops/0000de5e.png,"それで
この割り符は
どこで手に
入れたんだい？"
crops/0000de63.png,オ…オ…ォ…
crops/0000de66.png,"それが済めば
江戸所払いを
許されるという
名目でな……"
crops/0000de67.png,"あのこすっからい
義兄キの考えそうな
事だ…あたしが
ここへ来る事も
きっと計算に
入ってたんだよ"
crops/0000de69.png,"今日…
大吉置から"
crops/0000de6d.png,"義兄キの
さしがねかい"
crops/0000de6f.png,"去年あたりから
御府内にアヘンが
大量に持ち込まれ
公儀は その出所を
血まなこになって
調べていた"
crops/0000de72.png,"つまり 公儀にとって
利にかなう
交換条件が
あったはずだ"
crops/0000de7a.png,"そこで
面の割れてない
お前さんに
白羽の矢が
当たったって訳だ"
crops/0000de7b.png,なにやってんだコイツは…
crops/0000de7e.png,"そして最近になって
その場所が
ここ草薙藩ではないか
ということが
わかって来たんだよ"
crops/0000de7f.png,"しかし 密偵や
藩の主だった連中は
みんな変死体となって
もう一歩の所で
手が届かない…"
crops/0000de80.png,"いくら
北町奉行と言っても
あおい小僧ほどの
罪人を江戸所払い
ってだけの刑じゃ
周りが納得すまい"
crops/0000de81.png,………
crops/0000de82.png,"大方
さっしは
つくさ…"
crops/0000de83.png,"そこで
思いあまった末に
あんな回りくどい
手紙を あたしに
よこしたって訳だ…"
crops/0000de84.png,"上等！！
ウッ！"
crops/0000de85.png,"ところがどうも
敵は一筋縄では
いかない…
手掛りをつかんだ
人間は 片っぱしから
消されていったんじゃ
手の打ちようがない…"
crops/0000de88.png,"アヘンの
密輸……"
crops/0000de91.png,ん…！
crops/0000de94.png,公儀！！？
crops/0000de99.png,"今日…江戸表より来た
鉄扇とかいう男…
それと お鶴の関係も
調べといておくれ…"
crops/0000de9a.png,はっ！！
crops/0000dea1.png,"おのれ…
あと十日で
また船が着く
というのに…"
crops/0000dea2.png,"割り符を
失っただとーッ！！"
crops/0000dea3.png,"待ちなさい
……！！"
crops/0000dea6.png,"それは一体
どういう事だ！！"
crops/0000dea7.png,"少し気になる
ことがあるから
ね…"
crops/0000deab.png,"あの割り符が
なくては 品を
受け取るどころか
こちらの首さえ
飛びかねん！！"
crops/0000deb0.png,花が枯れてる…
crops/0000deb2.png,"場所は
不特定にせよ
みんな厠 風呂
駕篭など
ほとんど密室に
近い所で死んでる"
crops/0000deb4.png,"ここ数日間
あのタヌキ親父が
どうやって今までの
殺しをして来たか
調べても まだ
手掛りの一つもない…"
crops/0000deba.png,"なんとしても
探し出すんです！！"
crops/0000debe.png,公儀か……
crops/0000dec2.png,"事件のあった日
奴にはいつも身の明かしが
はっきりしている…となると
手下を使ってのからくりか…"
crops/0000dec3.png,"申し訳も
ございません
どうやら藩の人間か
あるいは公儀の
手のものの
仕業かと……"
crops/0000dec5.png,"狐？
なんのことです"
crops/0000dec6.png,お！
crops/0000ded3.png,お師匠さん
crops/0000ded4.png,...鳥が落ちる！？
crops/0000ded6.png,"な　 何
やってんですか
厠の前で
寝そべって…
くさくないの"
crops/0000ded7.png,なーーるほど
crops/0000ded8.png,"すずめさん
あんた悪いけど
念のため和紙と
こんにゃくを
買って来とくれ"
crops/0000dedc.png,"紙と
こんにゃくって
一体何に
使うんですかァ
まさか一人H
......"
crops/0000dedd.png,ピ～
crops/0000dee5.png,"いいから
行っといで！！"
crops/0000dee7.png,"ほら 田辺って人の
屋敷から
あたしたちのいた
かめやまでの
一本道です"
crops/0000dee9.png,ピー
crops/0000deed.png,"ところで
お師匠さん 今朝から
お鶴さんの姿を
見ないんですけど
知ってます！？"
crops/0000deee.png,"これを
どこで！？"
crops/0000def0.png,"なんだって
鳥なんかが
落っこちて..."
crops/0000def7.png,"おう
すずめさん"
crops/0000def8.png,"これは狸じゃなく
とんだ悪狐
だったって訳か！
なんで今まで
気がつかなかったカナ..."
crops/0000defa.png,"で…別に大したものは
見つからなかったん
ですけど こんなものが
落ちてて…"
crops/0000defc.png,"ただの紙にしちゃ
変だなと思って"
crops/0000defd.png,ーーーーーーえ？
crops/0000df00.png,グフフフフ
crops/0000df01.png,"北町奉行 遠山様の
義弟だってねェ...
とんだ お荷物を
しょいこんでくれたよ
お前には あんなに
目をかけていたのに"
crops/0000df04.png,"だ…大吉屋さん
どうして…
どうして あたしを
さらって来て
こんなひどい目に
会わせるんですか"
crops/0000df11.png,あおい小僧……
crops/0000df12.png,ぐっ！！
crops/0000df14.png,"悪いが いろいろと
調べさせてもらったよ
お前の事や
あのハゲ頭の
噺家の事まで…"
crops/0000df1a.png,"おかげで
あたしの探してる
割り符のありかも
見当がついたよ"
crops/0000df1f.png,"おお おお
かわいそうに
痛かったかい
でもね
みんなお前が
悪いんだよ"
crops/0000df20.png,"お前には
失望したよ
お鶴…いや"
crops/0000df24.png,"お前が
あたしを
裏切らなければ
こんな目には…"
crops/0000df26.png,"あの時は
あたしも
気がつかなかった
けど
その後
あたしとも
友達になれてねェ
いろいろ教えて
くれたよ…"
crops/0000df29.png,"そう言えば
お前には
猫の友達が
いたっけねェ…"
crops/0000df32.png,"かわいい顔して
コソコソと
あたしの周りを
かぎ回っていた
なんてね！！"
crops/0000df38.png,"口の中に手紙が
........."
crops/0000df3a.png,"お鶴ちゃんは
いつか
こうなる事が
あるかも
知れない
ーーそう思って
あたしに手紙を
くれたんだ…..."
crops/0000df3d.png,ピーッ
crops/0000df3e.png,"あたしの大事な
お鶴ちゃんに手ェ
出したってか～
ーーーーーッ！！！"
crops/0000df42.png,"し...
死んでんの…？"
crops/0000df46.png,"目が
すわってる"
crops/0000df49.png,"ね...ねェ
お師匠さん
やっぱり
藩の役人さんにも
来てもらった
方が......"
crops/0000df51.png,"男が立たない
んだよ！！"
crops/0000df52.png,"あおい小僧殿の
身柄を預かりし候
割り符を持ちて
一人にて死人河原の
お堂まで
来られたし…"
crops/0000df56.png,だめだ！！
crops/0000df59.png,"武士なんぞ
なんの役に
立つっての！！"
crops/0000df5a.png,"にゃ...
にゃんだとォ
～～～～～"
crops/0000df5c.png,"じゃあ
せめて
あたし
だけでも
一緒に…"
crops/0000df5e.png,............
crops/0000df61.png,"ここであたしが
助けなきゃ
あたしのチン〇
…じゃなくて"
crops/0000df63.png,ぶち殺す！！！
crops/0000df6a.png,"そろそろ
お前の情夫とやらを
呼びに行って
くれてるよ…"
crops/0000df6e.png,"あ...あの...
おちついて..."
crops/0000df73.png,"お鶴ちゃんは
どこだ！！"
crops/0000df77.png,オ
crops/0000df7a.png,"会わせてやりたいのは
山々なんだかねェ"
crops/0000df7c.png,ピーー
crops/0000df80.png,"この部屋に
入ってしまえば
それも
かなわないこと…"
crops/0000df81.png,"約束通り
一人で来たか…
やはり あたしの
思った通リの
人だ…"
crops/0000df84.png,ピー
crops/0000df91.png,オー
crops/0000df95.png,ピ
crops/0000df97.png,"ここに
あるよ"
crops/0000df98.png,"割り符は
持って来てくれた
ろうね…"
crops/0000dfa3.png,"へ…
なかなか
大そうなカラクリ
だねェ！"
crops/0000dfa6.png,"これを吸い込めば
今まての連中と
同じように
あっという間に
あの世に行ける！！"
crops/0000dfa7.png,"お前には まだ
死んでもらう訳には
いかないんだよ"
crops/0000dfaf.png,"ちゃんと割り符が
あるかどうか
たしかめてから
でないとね…"
crops/0000dfb2.png,ピー…
crops/0000dfb8.png,フフフフフ
crops/0000dfba.png,"その後で 割リ符は
いただくとするよ
鉄扇師匠！！"
crops/0000dfbd.png,"だから
ここにあるってば"
crops/0000dfc1.png,"さて…
お宝はと…"
crops/0000dfc7.png,はっ
crops/0000dfc8.png,"ハハハハハハハ
冥土の土産に
教えてやろう！！
今 部屋に
充満しているのは
この死人河原から
吹き出す毒気
でな！！"
crops/0000dfc9.png,"お…
お前さん！！"
crops/0000dfcb.png,お前さーーん！！
crops/0000dfcf.png,くっ…！！
crops/0000dfd0.png,おっとと…
crops/0000dfd1.png,"それにしても
バカ正直な男だ
本当に一人で
来るとは…
ま…仮に
誰かに話した所で
藩のお偉方は
すでに買収ずみで
どうにもならんがな…"
crops/0000dfd2.png,"もう そろそろ
いいだろう！！
毒気を抜いて
扉を上げなさい"
crops/0000dfd8.png,フン
crops/0000dfda.png,な…！！
crops/0000dfdd.png,"な…なんで
生きているんだ…
い…息を止めて
いたのか！！！？"
crops/0000dfe0.png,"江頭2：50じゃ
あるまいし…"
crops/0000dfe4.png,お…お前さん
crops/0000dfe7.png,"いくら
あたしでも
そんな長ぇこと
息を
止めてられる
もんかい"
crops/0000dfe8.png,ピーー
crops/0000dfed.png,"ったく
うたぐり深い野郎だ"
crops/0000dfee.png,これだよ
crops/0000dff5.png,"お前さんが
毒気をつめて
持ち運ばせてたのと
同じものさ
もっとも
あたしの場合は
空気をつめて
おいたんだけどね"
crops/0000dffd.png,こ…これは…
crops/0000e002.png,"てめェ…
どこまで汚いんだ"
crops/0000e009.png,"よくも
あたしの大事な
大事な大事な
大大大ーー事な
お鶴ちゃんを
さらってくれたな！！"
crops/0000e00d.png,グフフ
crops/0000e00f.png,"和紙で作った袋に
こんにゃくを
すりつぶしたもんを
塗りつけりゃ
大層 気密性の
高いもんが
出来あがる"
crops/0000e01a.png,"ピィピピピピ
ピピピピ
ピーー！"
crops/0000e01b.png,"ありゃあ伝説だが
別に那須の原に限った
ことじゃない！！
この土地の様に
火山地帯なら
似たような所は
いくらでもあるもんだ！！"
crops/0000e01d.png,"ギッタギタに
してやっから
覚悟しな！！"
crops/0000e01f.png,"く…来るな！！
これを見ろ！！"
crops/0000e02f.png,"そして
このピーピー
うるさいのが
空から落っこって
きた…"
crops/0000e03a.png,ピー
crops/0000e03f.png,"最後に残った
あたしの袋だ！！
これを口にくわえて！！"
crops/0000e05d.png,ピーー
crops/0000e05e.png,ピー太郎！！
crops/0000e05f.png,"いいから
早く！！
ピー太郎！！
行くぞ！！"
crops/0000e06d.png,ぐわあああっ
crops/0000e06e.png,ぐわあっ！！
crops/0000e07c.png,ピー
crops/0000e07e.png,自業自得だ
crops/0000e08e.png,"かくして事件は終わり
大吉屋の陰謀は
五月の空に散った…"
crops/0000e08f.png,"そんなの
無理だよーー
こんな捕物ばっか
やってんのにィー"
crops/0000e09a.png,"ウン
ウン"
crops/0000e09b.png,"スーパーリアルマンガ
もーアカンわ！！
いんぼー編"
crops/0000e09e.png,お…お嬢さま…
crops/0000e0a1.png,"そこで
家元制の導入を
提案するっ！！"
crops/0000e0a4.png,"マンガ家は
連さいが終われば
プー太郎も同然！！"
crops/0000e0a5.png,"つかまると
思うよ…"
crops/0000e0a8.png,"お会いしとうございました
……………"
crops/0000e0af.png,"あおきてつお
先生とはとても
よく酒をのむ…"
crops/0000e0b2.png,"お嬢さまぁ
～～～～ッ！！"
crops/0000e0b4.png,"俺 いーこと
考えたんス"
crops/0000e0b5.png,"ウ…
ウソでしゅ"
crops/0000e0b7.png,ホー
crops/0000e0ba.png,"もー
アカン
わ…."
crops/0000e0bb.png,"たぶんそれは
家元制という
より ネズミ構的
発想に近いと
思うんだけど…"
crops/0000e0c2.png,"やったねーー
ドカーン"
crops/0000e0c4.png,第十席　牡丹燈籠
crops/0000e0c9.png,……今一度……
crops/0000e0ca.png,今一度だけでも……
crops/0000e0d1.png,"いろいろ
あったからねェ
お露ちゃんも…
やっと幸せに
なれるってとこなのに"
crops/0000e0d8.png,"かあいそうに
まだ１６だって
いうじゃねェか…
しかも一か月後には
輿入れも
決まってたってよ"
crops/0000e0df.png,お露ちゃん
crops/0000e0e4.png,第十席　牡丹燈籠
crops/0000e0e8.png,"ああ…何と言っても
お相手はご直参だろ"
crops/0000e0eb.png,"なんでも 先様から
たってのお話だった
らしいじゃねェか！！"
crops/0000e0f0.png,"この度は
まことにご愁傷様で
ーーーー"
crops/0000e0fa.png,……
crops/0000e0fe.png,"そ…そんな
ご無体な！！"
crops/0000e11d.png,小早内様…
crops/0000e1a2.png,"あんだ その腑に落ちないって
のは？"
crops/0000e1a7.png,恨み……
crops/0000e1a8.png,…………
crops/0000e1b4.png,お露……
crops/0000e1ba.png,"ひ…
ひどい"
crops/0000e1bd.png,"俺も何度
駆けつけた事か
わからんくらいにな
………"
crops/0000e1c2.png,お恨みいたしまするゥ……
crops/0000e1d1.png,火の用～～心
crops/0000e1d2.png,新三郎様……
crops/0000e1d8.png,ヒィ！！
crops/0000e1da.png,恨みまする
crops/0000e1de.png,お…お露か
crops/0000e1e1.png,"出…
出たァ…"
crops/0000e1e3.png,"あなた様が
悪いのです"
crops/0000e1e4.png,"あの美人画を
何の意味で俺に
残したのだ！！"
crops/0000e1e9.png,"俺は ただ そなたの
本心が知りたかっただけ
なのだ…
何故に突如として
心変わりをしたのか"
crops/0000e1ea.png,"俺の命など
いつなりと
くれてやろう
ただ……"
crops/0000e1eb.png,やめろォォーーッ
crops/0000e1ee.png,"何の理由も
教えぬままで
なぜ 俺を捨てた！！"
crops/0000e1f0.png,"俺を捨て
小早内の元へ走った
のは そなたの方
ではないかぁ！！"
crops/0000e1f6.png,死んで下されまし
crops/0000e1f7.png,"あなた様が日夜
私を苦しめ
あなた様が…"
crops/0000e1f8.png,"恨むというのか
この俺を！！"
crops/0000e1fb.png,答えてくれーーー！！
crops/0000e1fc.png,"そなたの誠の
気持ちに得心する
まで…
死んでも死にきれ
ないのだ！！"
crops/0000e1fd.png,お命を……
crops/0000e1fe.png,"お命 頂だいませ
新三郎様……"
crops/0000e2a7.png,"どうしたんです
お師匠さん"
crops/0000e2ac.png,"妙に ちぐはぐな
気がしてならない"
crops/0000e2ad.png,ーー逆！！！ーー
crops/0000e2b3.png,逆
crops/0000e2c5.png,"本当に
これでいいのか…"
crops/0000e2c6.png,"お…
お師匠さん"
crops/0000e2c7.png,あ…ホントら
crops/0000e2c8.png,"それから その
用事が済みしだい
八丁堀に連絡して
小早内さんを連れて
さっきの現場へ来るよう
伝えてください"
crops/0000e2cc.png,そうだったのか！！！
crops/0000e2d2.png,"すずめさん
すぐに行って
来て欲しい所が
あるんです"
crops/0000e2d4.png,はぁ
crops/0000e2d5.png,"はい…
で…その用事って
いうのは…"
crops/0000e2dc.png,"信じらんない
今まで 気が
つかなかったのォ"
crops/0000e2de.png,"よかないですよ
だって ちぐはぐ
だもん！！"
crops/0000e2e4.png,"お師匠さんたら
草履を左右逆に
履いてるじゃ
ないですか？"
crops/0000e2e5.png,"お露さんを
呼んで来て
欲しいんです"
crops/0000e2e6.png,………
crops/0000e2e8.png,"そう考えれば
すべての辻つまが
合うんです"
crops/0000e2ea.png,"あたしゃ どーも
始めから この掛軸に
ひっかかってた"
crops/0000e2f1.png,"あたし達は
世間の噂に
振り回されすぎたんじゃ
ないかって 思ってね"
crops/0000e2f9.png,"実は お露さんは
恨みを残したん
ではなくて
逆に…"
crops/0000e2fa.png,"逆なんですよ
全部！！"
crops/0000e2fb.png,"なんだって お露さんは
憎いはずの萩原さんに
自分の生き写しの絵を
残したのか…"
crops/0000e2ff.png,"一体 急に
呼び戻したり
して"
crops/0000e3a5.png,"掛軸に隠されてた
だろう その文を
取り出すために！！"
crops/0000e3a8.png,"そこにあるように
絵は抜け出したんじゃ
なくて 破り取られて
たんです
"
crops/0000e3ae.png,足跡だ…！
crops/0000e3b2.png,"畳の下に
抜け出した絵が！！〃"
crops/0000e3b3.png,"あせったこの人は
今なら噂のお陰で
回りに人はいないし
殺しても それこそ
幽霊のせいに出来ると
考えたんだ！！"
crops/0000e3ba.png,"幽霊が物取りを
しちゃ 変だから
掛軸は そのままだ"
crops/0000e3c1.png,"に…
人形が！！"
crops/0000e3c5.png,"つまりは
人間関係も足袋も
畳も あんたの
お偉い人間性も"
crops/0000e3c6.png,があぁあ
crops/0000e3ca.png,"全部 逆だった
んだ！！"
crops/0000e3d1.png,"血で汚れた 自分の
足袋を 萩原さんに
はかせた後"
crops/0000e3d3.png,"あとは
死んだ萩原さんを
抱いて叫んでいれば
返り血だって
ゴマかせるし
怪しまれずに済む"
crops/0000e3d4.png,"お…おのれ
鉄扇…！！"
crops/0000e3d5.png,"畳を逆の場所へ
入れ替えたんだ！！"
crops/0000e3d8.png,"もはや
これまで！！"
crops/0000e3db.png,"ああッ！！
お…お露！！！"
crops/0000e3dd.png,"もちろん その前に
掛軸の絵を破り
中の文を探すのと同時に
まるで幽霊が 絵から
抜け出て来たかのように
しつらえたんだ！！"
crops/0000e3e0.png,"ぐあっ！！
があっ！！！"
crops/0000e3ea.png,"な なんだ
一体！！！"
crops/0000e3ed.png,"一方
小早内の死で
祟りを恐れた下女が
自首"
crops/0000e3f5.png,ーー牡丹燈籠ーー
crops/0000e3f8.png,"その後 この話は
徐々に姿を変え
明治には 伝統の大名人
三遊亭圓朝によって
広く世間に広められていく
事になる……"
crops/0000e3fa.png,"ただ この話だけは
ーーお露さんの想いだけは
きちんと残してやんなきゃ
いけない…
それで新しい噺でも
作ろうかと
思ってるんですよ"
crops/0000e3fe.png,"金欲しさに
小早内のいうがまま
人形を使った幽霊を
演じていた事を自白した"
crops/0000e3ff.png,"やっぱり
お露さんの
怨念だったの
かなァ…"
crops/0000e4a2.png,"だめーー
濡れたまんまで
上がんないで！！"
crops/0000e4a3.png,"あ…いや
違うス"
crops/0000e4a4.png,"ささ…
汚ぇ所だけど
上がって！ 上がって！！
おーい すずめさん
お客さーーん！！"
crops/0000e4a5.png,"あ
兄キィーー！！"
crops/0000e4a9.png,"十文
いただきやす"
crops/0000e4ab.png,"今 忙しいん
だから 自分で
やって下さい！！"
crops/0000e4ac.png,あっ！！
crops/0000e4ad.png,"きゃあ！！
お師匠さん
ビショビショじゃ
ないですかァ！！"
crops/0000e4b1.png,"きゃ～～♡
すごォォい
スピード
解決ーーゥ♡"
crops/0000e4bb.png,"三吉さん
それ違うよ
お師匠さんの
フンドシ！！"
crops/0000e4bc.png,はめられた…
crops/0000e4c0.png,"そして たしかに
今日も行ったのは
事実です"
crops/0000e4c1.png,"やりや
したね
アニキ"
crops/0000e4c2.png,"俺は
先生がお持ちの
蘭書を筆写
させていただくため
週に何度かは
お宅に お邪魔
していました"
crops/0000e4c3.png,"頼むから
俺の話を
聞いてくれ！！"
crops/0000e4c7.png,あれ？
crops/0000e4cc.png,"たまってる
店賃 払え
ますねー"
crops/0000e4ce.png,聞けーーっ！！
crops/0000e4d1.png,"ち…
違う
俺じゃない！！"
crops/0000e4d6.png,"なんだ三吉
どーしたってのサ
バカだね
傘もささずに
カゼひくよ"
crops/0000e4d8.png,"そんなの八丁堀に
まかせときゃ
いーじゃんさー"
crops/0000e4dc.png,……………
crops/0000e4df.png,"俺は
はめられたんです！！"
crops/0000e4e2.png,とりあえずおろしてもらったらしい
crops/0000e4e3.png,"かたっぱしから
ひろうね
コマかいギャグを"
crops/0000e4e6.png,"たった今
赤坂に住んでる
阿部って蘭学者が
殺されたんです！！"
crops/0000e4e7.png,"だから
違うって
言ってんだよ
俺じゃねー！！"
crops/0000e4ee.png,"その
ハメるじゃ
ないって！！"
crops/0000e4ef.png,"と…ところが
その下手人
ってのが
この界隈に
逃げこんだって
言うんですよ"
crops/0000e4f0.png,"ええい
ならんならん！！
早々に
立ち去れい！！"
crops/0000e4f3.png,"ごほーび
出るよね"
crops/0000e4f5.png,ーーーしかしーーー
crops/0000e4fa.png,"すずめちゃん
縄！！ 縄！！！"
crops/0000e4fb.png,"どうやら
そいつは若い男で
身なりは武士！！
その上 逃げる時に
負わされた刀傷が
左の腕に……"
crops/0000e4fc.png,"そ…それどころ
じゃないんで！！"
crops/0000e4fd.png,"ハハハハ
別によいでは
ないかそのくらい"
crops/0000e5a3.png,"そ…そう
あんな時でも
この本を……"
crops/0000e5a9.png,"本当なら
俺のような
貧乏御家人などには
一生かかっても お目に
かかれない品物…"
crops/0000e5ab.png,"お上に目をつけられた
今となっては お前が
これを持っていろと
言われて"
crops/0000e5ac.png,"だから 本来は
決して人にも見せず
門外不出の書として
大切にされていた…"
crops/0000e5b4.png,そーねー
crops/0000e5b7.png,"普通に考えても
言い逃れにしきゃ
聞こえないんじゃ
ないの…"
crops/0000e5b8.png,"だけどさー
あーた一人が
賊が出たって
言っても それを
誰も見てないん
でしょー"
crops/0000e5b9.png,"あの時 俺が
席を立ったばかりに
先生は…"
crops/0000e5bb.png,"それなのに
先生は筆写を
許して下さった
だけではなく
この本を俺に…"
crops/0000e5c2.png,"賊が現れる前に
これを先生から
いただいたんです"
crops/0000e5c3.png,ぐあぁっ
crops/0000e5ca.png,ん゛～～
crops/0000e5cd.png,"ナ…
ナンパしたん
じゃないよ…"
crops/0000e5d0.png,"し…しかし
本当なんだ！！"
crops/0000e5d8.png,"ど…どうして
それが！！"
crops/0000e5da.png,"この本は昔
高野長英先生から
阿部先生が譲り受けた
もので 大変貴重な
書物なんです"
crops/0000e5db.png,"後は どうやって
あそこから
逃げ出して
来たのか……
気がついた時は
雨の中で あなたに
声をかけられて
いたんです…"
crops/0000e5dc.png,"わかって
ます！！"
crops/0000e5e2.png,はい
crops/0000e5e4.png,ニャ～
crops/0000e5e5.png,"これは やっかいな
事になるねェ"
crops/0000e5e8.png,"なんでかって
言えば これは
いわゆる一つの…"
crops/0000e5ea.png,"ま…たしかに
あーたの
話通りなら
辻つまが
合わないよね"
crops/0000e5eb.png,０・Ｋ
crops/0000e5ef.png,"逃げることを前提に
人を殺しに行った人間が
なんで町方が見張ってる
家に 堂々と入って
いくのサ
顔は見られるわ
刀は預けさせられるわ
逃げにくいわだよ
いい事なんて
一つもありゃしない"
crops/0000e5f0.png,"このお兄ィちゃんは
逃げたんだよ…"
crops/0000e5f5.png,"見取り図
ある？"
crops/0000e5f9.png,次の日ーー
crops/0000e5fb.png,"ーーしかしーー
もし このお兄ィちゃんの
言うように
他に下手人がいて
はめられたんだとしたら…"
crops/0000e5fc.png,"密室殺人に
なるんだよ"
crops/0000e5fe.png,辻つま…！？
crops/0000e6a5.png,"売れば五十両には
なるはずです！！"
crops/0000e6a7.png,こいつも
crops/0000e6a8.png,"ウ…
ウソだ～！！
そんな いい話
世の中にある
もんきゃー！！"
crops/0000e6a9.png,で…でも
crops/0000e6aa.png,"でもも
ヘチマもにゃい！！
あーたが あたしを
地獄へ突き落とす
悪魔だったんだね
このアホすずめが
アホすずめが
ーーーーーッ"
crops/0000e6ad.png,え…
crops/0000e6b2.png,ごじゅうりょ～
crops/0000e6b4.png,"俺の家も
天井板や柱をそいで
その日の薪にしている
生活です…
俺が捕まったら
その日から家族は
路頭に迷う事に
なる…"
crops/0000e6bb.png,"もう
いいって…"
crops/0000e6bc.png,"に…にじゅう
ごりょ～～"
crops/0000e6bd.png,これを……
crops/0000e6c1.png,"あたしゃ
信じないーっ！！"
crops/0000e6c2.png,あ…あの
crops/0000e6c3.png,"半分は
今までのお礼に
差し上げます
残り半分は私の家族に
渡して下さい…"
crops/0000e6c4.png,"でも この本は
とっても大切な
ものじゃ…"
crops/0000e6c8.png,"捕まって
しまえば
俺には
用のない本
ですから"
crops/0000e6ce.png,………
crops/0000e6d1.png,ブゲ
crops/0000e6d2.png,"あの人の気が
変わっちゃったら
どーすんの！！"
crops/0000e6d6.png,"あ…
愛につつまれて
いく…
愛に…"
crops/0000e6d9.png,"ぎゃあぁあ
ごっ！！
ごじゅうりょおぎゃあぁぁぁぁ"
crops/0000e6dd.png,"い…いや
ウソに決まってる
よろこばして
おいて あとで
地獄につきおと
すんだ！！"
crops/0000e6e0.png,本が…
crops/0000e6e4.png,"あ…あ…
でもそれだけあれば
お米が おミソが
それに酒が…"
crops/0000e6e5.png,"まだ
気ぜつしてる"
crops/0000e6ea.png,……
crops/0000e6ec.png,"で…でも
夢は見たい…
それが人ってもん
じゃ…"
crops/0000e6ee.png,"ご…
ごじゅうりょお！！"
crops/0000e6f0.png,こ…これは……
crops/0000e6f4.png,"おだまりィ！！
バカすずめ！！"
crops/0000e6fc.png,"ならば いっそ
お金に変えて
しまった方が
フンギリもつくと
思ったんです…"
crops/0000e7ab.png,"とりこみ中
かな…？"
crops/0000e7ac.png,"本当の下手人は
あなたなんでしょ"
crops/0000e7ae.png,"そいつは
困ったな
せっかく今
本当の下手人が
誰だか わかったのに"
crops/0000e7af.png,長岡さん
crops/0000e7b1.png,なんだとォ！！
crops/0000e7b4.png,"き…貴様
何を言い出すのだ！！
愚弄する気か！！"
crops/0000e7b7.png,"ら…らって
そうとしか
考えられないん
だも～～ん"
crops/0000e7bb.png,この形！！
crops/0000e7bc.png,"え…
どういう事！？
五人番はしたけど
そこにはいない！？"
crops/0000e7bf.png,"それで
最初の五人番は
この形…"
crops/0000e7c0.png,"この王将が
阿部さん"
crops/0000e7c1.png,"で…でも お師匠さん
長岡様は
事件の時は五人番で
外にいたんですよ
誰に聞いても
確認がとれてるんじゃ
ないですか…！！"
crops/0000e7c2.png,ひイイ
crops/0000e7c4.png,………
crops/0000e7c5.png,五人番はね
crops/0000e7c7.png,"不可能が
可能になる
………"
crops/0000e7ca.png,そんでもって
crops/0000e7ce.png,"ただし この人が
本当に そこに
いたのかどうかは
わかんないじゃん"
crops/0000e7d4.png,"これで
説明してあげる"
crops/0000e7d6.png,"角に一人で
真ン中に三人"
crops/0000e7d9.png,"そして そのすぐ後に
配置変えがある
この配置変えこそ
五人番の原則を守りつつ
殺人を犯せる
唯一の配置…"
crops/0000e7dd.png,それが
crops/0000e7e3.png,"まず この箱が
屋敷で
この駒が人間ね"
crops/0000e7e7.png,"そこへ
お兄ィちゃんが
現れて 中へ入る"
crops/0000e7ea.png,"なるほど
たしかに噺家らしい
考えだ
理屈も
それなりに
通っている"
crops/0000e7eb.png,"ひとォつ
残っちまうんだよ"
crops/0000e7f4.png,"部屋にいたのは
このお兄ィちゃんと
死んだ阿部さん
それに あんた
三人だけだってね！！"
crops/0000e7f8.png,………
crops/0000e7fa.png,駒が一つ！！
crops/0000e7fc.png,"この形のみが 通常
九人必要な五人番を
八人で作る事が
出来るんだよ"
crops/0000e7ff.png,"なんで
あんたが
いるのサ…"
crops/0000e8a4.png,"それから
俺は晴れて
自由の身となり
老中 水野忠邦は
天保の改革とともに
失脚していった…"
crops/0000e8a7.png,"今日の日を
あの人ァ どう思って
るんだろうなァ…"
crops/0000e8af.png,うひゃああぁ
crops/0000e8b1.png,"だが 俺ァ
一人じゃ死なねェぜ！！"
crops/0000e8b3.png,"もはや
ここまでだ
勘念しろ！！
盗賊仁左衛門！！"
crops/0000e8b4.png,"あの人が あの時
言った言葉は
今も忘れられない！！"
crops/0000e8ba.png,"しぇからしか
ーーーーー！！"
crops/0000e8bb.png,"や…
やばい…！"
crops/0000e8bd.png,"走馬燈が
回りだし
やがった
………"
crops/0000e8c3.png,"生まれつき
頭髪が一本も
はえていないんだって"
crops/0000e8c5.png,"ふぎィ
イィィ"
crops/0000e8c6.png,"ほら…あの子だよ
遠山様が女郎に
生ませたっていうのは"
crops/0000e8c8.png,この記憶は…
crops/0000e8cc.png,"あ～～
また方言
使ってる～！！
師匠に怒られる
よ～～！！"
crops/0000e8d2.png,"お前のおっ母さんはね
遠い遠い所へ
行っちまったんだよ
これからは
この婆と一緒に
暮らすんだよ…"
crops/0000e8d6.png,"て…鉄扇！！？
貴さん いつから
そげなとこに
おったとね"
crops/0000e8d8.png,"しょせんは
女郎の子さ"
crops/0000e8db.png,"ハハハハ
それじゃあ髷も
結えなきゃ
侍にもなれねェな…"
crops/0000e8e5.png,"ハーゲハーゲ
ツルピカまんじゅう
おしりも頭もツールツル"
crops/0000e8e9.png,"見ぃーちゃった
見ぃちゃった！！
冷扇兄さんが
壊したァ！"
crops/0000e8ea.png,"い～～ってやろ
いってやろー"
crops/0000e8eb.png,"い…いかん
師匠の大事な
ギヤマンの皿ば…"
crops/0000e8ed.png,"で…でも
一分くれるんなら
身代わりになって
お仕置を受けても
いいよ"
crops/0000e8ef.png,いてェ！！
crops/0000e8f0.png,ぎゃああぁ
crops/0000e8f1.png,"いいか！！
この事は秘密だぞ
誰にも言うなよ！！"
crops/0000e8f4.png,"口止め料だけ
なら２０文ね"
crops/0000e8f5.png,"は…
はい"
crops/0000e8f9.png,"貴さん！
それが兄弟子に
対する ロの
きき方ね！！"
crops/0000e8fa.png,鉄扇！？
crops/0000e8fe.png,な なんや
crops/0000e8ff.png,ブチッ
crops/0000e9a1.png,"も…
申し訳ありません
ただ今…！！"
crops/0000e9a2.png,は…はい！！
crops/0000e9a3.png,"今日
鉄扇は
師匠のお付きで
いないからなァ"
crops/0000e9a7.png,"ひばりお嬢さん
とじゃ秤にも
乗らねェよ"
crops/0000e9a9.png,"バーカ
あれはおつねさんが
一方的に熱を
上げてるだけじゃ
ねーか
しかも
おつねさんは
下働きの
下女だぜ！！"
crops/0000e9aa.png,おつねーー！！
crops/0000e9ac.png,"なるほど
そいつは心中
おだやかじゃねェや！！
ーーーでもよ
冷扇兄さんは
あのおつねさんと
いい仲なんじゃ"
crops/0000e9b3.png,"ともかく
急いで用事を
カタづけろ！！
それから俺の部屋で
肩もみだ
わかったな！！"
crops/0000e9b8.png,"風呂の用意は
出来てるのか！？"
crops/0000e9b9.png,違いねェ
crops/0000e9bb.png,"一体 お前は
いつまで草刈りを
やってるんだ！！"
crops/0000e9bf.png,"けど最近は
特にカリカリ
してるなァ"
crops/0000e9c0.png,"衆人環視の中で
その事件は起こった"
crops/0000e9c2.png,"いつもありがと
おじさん"
crops/0000e9c3.png,"ほらよ
おまけ
しといた…"
crops/0000e9cf.png,キャアア
crops/0000e9d6.png,"へへっ
うれしい事
言ってくれるねェ
だからって
こんな丘の上まで
登って来てくれる
んだから"
crops/0000e9dc.png,"よう！！
ひばりちゃん
今日は一人かい！？
温扇さんは
どうしたい"
crops/0000e9df.png,"それが
急な高座が
入っちゃって"
crops/0000e9e2.png,"まったく
おじいちゃんたら
毎日おじさんとこの
お団子を食べなきゃ
済まないもんだから"
crops/0000e9e6.png,ーーーーえ…！
crops/0000e9e9.png,"だ…だめですよ
お嬢さん！！
先日あんな事が
あったばかりなのに
また あの丘へ
行くなんて！！"
crops/0000e9eb.png,"鎌いたちって
あの妖怪の
………"
crops/0000e9ec.png,"わかりました
あたしが
お供をします"
crops/0000e9f2.png,"ああ
鎌いたち
だってな"
crops/0000e9f5.png,"あれが
鎌いたちだ
なんて 絶対に
信じられない！！
この目で もう一度
確かめたいのよ！！"
crops/0000e9f7.png,"それでいい
ですね！"
crops/0000e9f9.png,"もし お嬢さんに
万が一の事が
あったら
どうするん
ですか！！"
crops/0000e9fa.png,"客の中には
刃物を持っている者は
誰一人おらず
もちろん その周囲にも
怪しい人影や動きも
なかった"
crops/0000e9fd.png,放して！！
crops/0000e9fe.png,"本所近くの丘の上で
茶店の主人が突然
首を吹き飛ばされて
死んだ…"
